word,sentence,video_id
Abend,"Wenn Niemand ihr zu Gefallen lachte , so sah sie nur ihren Herrn an , welcher aus einer schmeichelhaften Gefälligkeit sogleich bereit war , durch sein überlautes Gelächter ihren Scherz bei Ehren zu erhalten . Nach getaner Arbeit , sagte der Baronet , ist gut feiern , wir begaben uns gegen sieben Uhr des Abends wieder in den Speisesaal und hernach wurde bis gegen Mitternacht getanzt . Der Doktor eröffnete den Ball mit Sir Beauchamp Gemahlin , er würde auch ohne Zweifel bis auf den letzten Mann ausgehalten haben , wenn ihn nicht ein kleiner Zufall davon abgehalten hätte .",19
Abend,"Noch währte die Feldschlacht , Noch das Würgen und Fallen , das Jauchzen und Ächzen der Kämpfer . Schon entbrannte der Abend . Schon zogen Geier und Adler Langsam , gierigkreischend herum , gleich wandelnden Wolken .",19
Abend,"Mein Kind ist bucklig ; aber es befindet sich sonst ganz gut . "" Den zwölften Abend ( Donnerstags , den 7ten Mai , ) wurde der Spieler , vom Regnard , aufgeführt . Dieses Stück ist ohne Zweifel das beste , was Regnard gemacht hat ; aber Riviere du Freny , der bald darauf gleichfalls einen Spieler auf die Bühne brachte , nahm ihn wegen der Erfindung in Anspruch .",19
Abend,"Selbst gegen den Menschen legen sie zuweilen einen bewunderungswürdigen Mut an den Tag . Sie sind frühzeitig munter und gehen erst spät zur Ruhe ; man sieht sie oft noch in der Dämmerung des Abends umherschweben . Ihr Geschrei ist ein helles fröhliches "" Kli kli kli "" , welches verschieden betont wird , je nachdem es Augst oder Freude ausdrücken soll .",19
Abend,"Sie ist die Krone der Frauen , Beifall folget ihr nach . So kommt sie dem Abend des Lebens Immer näher und näher ; sie wird in traurigen Stürmen , Welche sich über sie ziehen , nicht Mut und Stärke verlieren . Die Matrone .",19
Abend,""" Nur einen Sekundanten . Auf Morgen Abend steht die Promenade an . Die Bekannten , auf die ich fest gerechnet , haben mich nachträglich im Stich gelassen , Freunde habe ich nicht , also muß ich an -- Nichtfreunde mich wenden .",19
Abend,"Vielleicht nur aus Eitelkeit ! Eines Abends in die Garderobe tretend , um sich rasch anzukleiden , findet er im Schube seines Toilettenspiegels ein zum Knoten zusammengekniffenes Zettelchen , worauf ihm in schlechtgeschriebenen Zeilen der Rat erteilt wird , heute noch eine Unpäßlichkeit zu heucheln und seiner Dame zu sagen , er müsse nach vollbrachter Arbeit heim gehen , die Ruhe zu suchen . Dann aber solle er , bei Nacht , weiter verfahren , wie sein Gefühl ihn am Besten belehren werde .",19
Abend,"Der Prediger dieses Orts von Einem , ein Edelmann der Geburt nach , stand bei den Leuten in geringem Kredit , weil er Narreteidinge auf der Kanzel und andere Possen auf der Kanzel vorbringe , darüber nicht nur Zuhörer , sondern auch er selbst lachen müsse . Des Abends ging ich zu ihm , und blieb bei ihm zum essen , wozu er mich auch den folgenden Tag bitten ließ . Er ist ein freier Mann , der doch vieles vom Glauben und Buße sagt .",19
Abend,"Nicht bloß unwissende und gemeine Leute , welche nie über die Natur der menschlichen Seele nach gedacht haben , und jedes sonderbare Phänomen derselben höheren Wesen außer uns zu zu schreiben sich geneigt fühlen ; sondern selbst Leute von Kopf und Geschmack , Philosophen von Profession , - die doch billig an einem Ahndungsvermögen der Seele zweifeln müßten , da es so erstaunlich viel wider sich , und nur wenig für sich hat , - lassen sich den Glauben daran nicht nehmen , und ich habe manche dasselbe mit einem Enthusiasmus verteidigen hören , als wenn es auf die Untersuchung der allerwichtigsten Wahrheiten angekommen wäre . Ich kenne einige noch lebende Schriftsteller , welche alle ihre zufälligen Amtsveränderungen vorhergesehen zu haben vorgeben , - wozu ihnen eine solche Notiz geholfen hat , wissen sie selbst nicht - , und bei uns lebt noch diesen Augenblick ein Gelehrter , der sich darauf totschlagen ließe , daß er aus gewissen unerklär baren Veränderungen , Blitzschnellen Erscheinungen , und Lichtvibrationen in einem Winkel seiner Stube ; aber NB allemal des Abends , gewisse zufällige Begebenheiten seines Lebens , z.B. den Tod eines Anverwandten vorhersehen könne , wobei ihm denn immer zugleich ein kalter Schauer über die Haut laufen soll . - - In den drei ersten Bänden der Erfahrungsseelenkunde sind viele Beiträge über die Ahnungen abgedruckt worden , davon einige in der Tat sonderbar genug sind ; andere enthalten ganz gewöhnliche , und leicht zu erklärende Vorhersagungen unglücklicher Begebenheiten , woran nicht so wohl jenes erträumte Vorhersehungsvermögen der Seele , als eine melancholische Stimmung des Gemüts , und der bloße Zufall Teil hatte .",19
Abend,"Sieh , sieh , sagte der Graf beim Zurückkehren in seines Onkels großes Zimmer , das ist ja Alles gut gegangen ! Den Rest mache ich heute Abend ab . Ich besuche Ihren Vater in seiner Wohnung .",19
Abend,"Durch die tiefe Stille im Zimmer tönte nur das Schluchzen Oswalds ; auch die Augen der beiden anderen Männer standen voll Tränen . "" Bist Du es , Oswald ? "" fragte Bruno , "" weshalb weinst Du ? guten Abend , Herr Doktor ; wo kommen Sie her ? es geht wohl zu Ende mit mir ?",19
Abend,"6 "" kristallisierter Soda , bei einer Temperatur von 69 ° C. Abends , so daß die Küpe am anderen Morgen die Färbetemperatur von circa 62,5 ° C. zeigt . Will man keinen neuen Indigo zusetzen , so erwärme man trotzdem täglich mit 1 kg Mehl und 2 kg kristallisierter Soda , immer die Temperatur von 69 ° C. im Auge behaltend .",19
Abend,"Der Birkhahn wählt sich zu seiner Balze regelmäßig einen freien Platz im Walde , am liebsten eine Wiese oder Lehde , auch wohl einen Schlag , auf welchem die junge Baumsaat ihn noch nicht hindern kann . Er erscheint am Abend in der Nähe desselben , tritt zu Baume und balzt hier in Unterbrechungen bis zum Einbruche der Nacht . Früh in der Morgendämmerung verläßt er die Schlafstelle und begibt sich auf den Boden herab ; denn seine Tänze erfordern einen großen Raum .",19
Abend,"Sie verrichten ihre Andachten draußen auf einer umgebenden Galerie ; und diese Andacht besteht vorzüglich nur darin , daß sie beide Hände vor der Stirn zusammenlegen , sich dann auf die Hände zur Erde werfen , und mit der Stirn den Boden berühren . Sie gehen dann auf dieser Galerie rings um den Tempel , wiederholen die Anbetung jedesmal bei der Tür , und fahren damit so lange fort , als die Andacht nur aushalten will , oft bis auf den Abend ; so lange nämlich als die sechs großen Litaneien währen , deren Inhalt überhaupt eine Fürbitte für das Wohl des ganzen Menschengeschlechts und für alle Unglückliche , ohne Unterschied der Religion , sein soll . Oben beschriebener Gottesdienst geschah in dem mittelsten und vornehmsten Tempel .",19
Abend,"Endlich war der Tag der Abreise festgesetzt worden . Am Abende vorher war schon das Hauptsächlichste , was mitgenommen werden sollte , in den Wagen geschafft , und die Frauen hatten am Nachmittage an mehreren Stellen Abschied genommen : bei den Gärtnerleuten in der Schreinerei und im Meierhofe . Am anderen Morgen erschienen sie bei dem Frühmahle in Reisekleidern , während noch Arabella das Dienstmädchen Mathildes diejenigen Sachen , die bis zu dem letzten Augenblicke im Gebrauch gewesen waren , in den Wagen packte .",19
Abend,"Elbe sollte auf dem kürzesten Wege nach Deutschland zurückkehren und alles überflüssige mitnehmen . Am Abend des 19. Dezember brachte eine Lorcha den jungen Elefanten heraus , den Sir Robert Schomburgk für Ihre Königliche Hoheit die Frau Kronprinzessin von Preußen bestimmte , mit ihm einen siamesischen Eber , der in Bangkok sein Spielgefährte war . Auf der Elbe fühlte sich der lustige Elefant bald zu Hause und wurde der Liebling der ganzen Mannschaft .",19
Abend,"-- Der Anfang der Fastenzeit wird durch die Moazen oder heiligen Ausrufer von den Türmen der Moskeen als die wichtigste Neuigkeit angekündigt . Das Volk antwortet hierauf mit einem Freudengeschrei , zünden überall Lichter an , ( das Fest nimmt des Abends , nach Sonnenuntergang seinen Anfang . ) In der Beobachtung der Fasten findet man eben nichts Unangenehmes , besonders kommen sie solchen gar nicht strenge vor , welche sich jederzeit bemühet haben , den Gesetzen gemäß zu leben .",19
Abend,"Am künftigen Dienstag wird daselbst bei Sr. Majestät , dem Könige , Ball und Sopper sein , wohin alle Prinzen und Prinzessinnen , so wie alle Personen vom Stande eingeladen sind . Selbigen Abend wird daselbst ein Feuerwerk abgebrannt . Zum Behuf desselben sind 6000 Taler angewiesen worden .",19
Abend,"Ich bleibe bei dir : ich baue statt deiner das Feld und erarbeite meine und deine Nahrung : wenn der Abend mir den Schweiß abkühlt , dann sitze ich mit dir unter dem Schatten dieser Zypressen und schwärme mit dir in bilderreichem Nachdenken und süßen Grillen herum ; wir träumen wachend über unser Selbst , du lehrst mich deine alte Erfahrung , wir leben in uns , mit uns , und denken nicht Eine Minute daran , ob Kreaturen , die sich mit uns zu Einer Art rechnen , außer unseren Bergen einander zerfleischen , würgen , braten , rösten , essen . Wehe euch , ihr Freunde , daß ihr noch auf der offenen See der Welt herumgeworfen werdet , noch nicht wenigstens eine kleine Bucht gefunden habt , die euch vor den Gefahren sicherte , wenn ihr gleich das tolle Spiel der Welt mit ansehen müßtet .",19
Abend,"Oft hat er für seine Diebereien Prügel bekommen , und er ist sonst überhaupt sehr strenge wegen derselben behandelt worden ; allein alles dies hat seinen Hang zum Stehlen nur gleichsam vermehrt . Fast täglich stiehlt er seinen Pflegeltern noch Kleinigkeiten , als Messer , Gabeln , Bouteillen u. s.w. weg , und trägt sie , wenn er entwischen kann , oft des Abends unter seinem Schlafrock zum Verkaufe aus ; ja er sucht sogar die Kinder der Nachbarschaft zu bereden , daß sie ihre Eltern heimlich bestehlen und die Beute mit ihm teilen sollen . Verschiedenemal ist er heimlich entlaufen , und man hat ihn in den Dörfern um die Stadt herum mit niedergeschlagenem Hute und umgewandten Kleidern bettelnd gefunden .",19
englisch,"Maltzahns Bericht , 7. Oct. Kaiser Franz an H. Wilhelm v. Braunschweig , 17. Oct. 1830 . Am 8. November hatte Karl die Verhandlungen mit den englischen Ministern plötzlich abgebrochen , am folgenden Tage war er aus England verschwunden . Acht Tage später tauchte er in der Frankfurter Gegend wieder auf ; der Jude Henrici , der soeben aus dem Londoner Schuldgefängnis entlassene vormalige bayerische Leutnant Bender v. Bienental und einige andere Abenteurer gleichen Schlages bildeten sein Gefolge .",445
englisch,"Ich halte also eine kleine Beschreibung von ihm nicht für überflüssig , wenigstens dient sie zur Vergleichung . Mein Vogel den ich hier beschreibe war ein Männchen und ein Jahr alt ; seine Höhe längst den Beinen hinauf 16 englische Zoll , die Länge vom Schnabel bis an das Ende des Schwanzes 3 englische Fuß , und von einem Ende der ausgebreiteten Flügel bis zum anderen 8 solcher Fuß . Die natürliche Lage der Flügel war so , daß die Enden der dritten , vierten und fünften Schwungfeder ( Remiges ) mit den Enden der Schwanzfedern ( Rectrices ) in einem Abschnitt sich endigten .",445
englisch,"Fruchtbare Äcker und schöne Wiesen verschwanden , und nun war die große Fläche mit Sand überdeckt , wo man Mühe hatte , die Pflanzung fortzubringen . Der Garten ist von einem großen Umfang ; desto mehr wird man durch die ewige Symmetrie ermüdet , die hier durchgängig herrscht , bis auf einen kleinen Bezirk , den man den englischen Garten nennt . Man sieht nichts als große , gerade Alleen , Hecken und Bogengänge mit Linial und Schnur gezogen , Arkaden , Altane und Nischen von Baumwerk gebildet , eine unnütze Menge von eisernem und hölzernem Gitterwerk ; und dazwischen Parterre , Wasserkünste , stehende und liegende Figuren , meistens von Marmor in natürlicher , einige von Gips in kolossalischer Größe , endlich reguläre Wasserbehältnisse .",445
englisch,"Eine ähnliche unternahm Hr. Valet zu Bristol. Hr. Bonoeil ging nachmals selbst nach England über , und errichtete , nach vielen mühseligen Patentstreitigkeiten , ein eigenes Etablissement ( Beau-regard ) bei Liverpool , von wo aus er jetzt Manchester und die umliegende Gegend mit dephlogistisirter Salzsäure versorgt . Auch in Lisle im französischen Flandern , zu Colmar im Elsaß und in der Normandie , wo die Baumwollenmanufakturen mit den englischen wetteifern , wurde Berthollets Erfindung benutzt . Die Herren Oberkampf und Royer zu Jouy und Hr. Henry zu Manchester versuchten die Grappbrühe auf den Kattunen , statt des Kuhmists , durch dephlog .",445
englisch,"Zwar wird man einwenden , daß bei einem solchen Impost alle englische Waren gar bald gänzlich zurück bleiben , und unsere deutschen Fabriken , welche bereits wirklich den englischen in vielen Arten von Waren gleich kommen , den Markt allein haben würden . Allein ohne zu gedenken , daß wir so wie hier oben bereits gezeigt , keine Auflage von 35 p. C. zu machen gebrauchen , sondern mit dem zehnten Teil zukommen können , und daß hierdurch die englischen Manufakturen vermutlich nicht ganz zurück gehalten werden dürften : so wird zu der Zeit , wenn wir erst so glücklich sein werden , die fremden Wollwaren gänzlich entbehren zu können , sich noch allemal ein patriotisches Projekt wieder finden , wodurch dieses minus in der zu errichtenden Reichskasse ersetzet werden kann ; und vielleicht sind wir zu der Zeit gar so glücklich , daß mittlerweile alle unsere alten Prozesse abgetan , und die neuen mit wenigeren Kosten durchgebracht werden können .",445
englisch,"Aber des frommen Greises Ermahnungen rührten das Kirchspiel Endlich : da wurde sie gebaut zu edlerer Gäste Bewirtung , Rings mit Tapeten geschirmt , mit wärmenden Bohlen gepflastert , Einem zierlichen Ofen geschmückt , und englischen Fenstern , Nach dem Garten hinaus und des Sees hochwaldiger Krümmung . Wer ihn jetzt besucht , dem zeiget er gerne die Aussicht , Jede Bequemlichkeit und Verschönerung , schätzet des Baues Kosten , und rühmt die Häupter des Kirchspiels .",445
englisch,"Von gehämtem Flusse der Kindbetterinnen , hofm . de aere microc . faktet . In der englischen Krankheit , buchener de rhachit. S. 10. 11 . PETIT malad . des os. T. II. S. 126. 127. saviard . obs.",445
englisch,"Woraus man zur Genüge ersieht , wie das beiderseitige Interesse gegeneinander gestanden und wohin sie sich versteckte Winke gegeben haben . Das sonderbarste bei diesem Streite war , daß die Hansestädte sich nie auf das vorhin eingerückte Privilegium vom Jahr 1237 , welches von Gothlandischen Kaufleuten spricht , bezogen , sondern ihren ruhigen Besitz der freien Ein- und Ausfuhr vom Jahr 1260 anrechneten ; die Engländer aber ebenfalls jenes Privilegium gar nicht kannten , sondern bloß durch die gesunde Vernunft geleitet , behaupteten , es könne sich die Einfuhr der Hansestädte nicht weiter als auf solche Ware , so in ihrer Heimat fiele , erstrecken , ihnen auch die Feyheit nicht zustehen englische Waren auf auswärtige freie Märkte zu führen . Unstreitig hatten die Hansischen gute Ursachen jenes Privilegium im Dunklen zu lassen ; und sich dafür auf den Besitzstand , Soden auf die vor und nach erhaltene in allgemeinen Ausdrücken abgefaßte Königl. Privilegien zu beziehen ; welche , nachdem man ihnen das von 1237 unterlegte , einen ganzen anderen Sinn bekamen , als wenn man sie nach der Voraussetzung der Hansestädte erklärte .",445
englisch,"Ich fand darin : 1 ) Eine Englische Übersetzung von Cronstedts Mineralogie , durch Gustav von Engeström , London , 1770. gr. 8. die viel vermehrt und sehr brauchbar ist . 2) Ganz anders aber ist die Französische Übersetzung von Dreux , die so viele Fehler als Zeilen hat , zum Teil sehr lächerliche , als : S. 112. nennt er den Tuffstein , Fonds baptismaux , als wenn Taufstein im Deutschen stünde. S. 171. sagt er : la Topase se trouve avec la Cochlite en Saxe , -- soll heißen :",445
englisch,"Dagegen sind die Abgaben größer geworden , da der König für das Recht nach dem Willen des Residenten zu regieren , auch noch einen bedeutenden Tribut erlegen muß , den er natürlich aus dem Säckel des Volkes nimmt . Der König von Radschpatan zahlt jährlich drei Lack ( 300,000 Rupien ) an die englische Regierung . Seit dem Jahre 1843 soll in ganz Indien keine Verbrennung mehr stattgehabt haben .",445
englisch,"Die Dichtkunst so unnütz ? Wohl ! belohnt sie nur so , wie ihr den gaukelnden Tänzer , Welcher dem Staate noch weniger nützt , die Triller des Welschen , Oder die englische Kuppel bezahlt . Sind diese nicht unnütz , O so sind es noch weniger Lieder , der Nachwelt Bewunderung , Welche das schwellende Herz noch mehr zur Tugend erheben .",445
englisch,"Ihre Kultur wurde zugleich erweitert , mit allen Vorteilen für die Forstwissenschaft , für die mechanischen Künste und Handwerke , für so manche Bedürfnisse des bürgerlichen Lebens . Vornehmlich sind es die amerikanischen Bäume und Sträucher , die der englische Gartengeschmack in verschiedene Länder von Europa verbreitet hat . Es ist wahr , daß manche Gärten sie leicht entbehren können , zumal wenn wir den reichen Vorrat unserer älteren Bäume besser gebrauchen lernen .",445
englisch,"Die im Gefolge des Gesandten auf dem Überlandwege Gekommenen hatten ihre Kammern auf den Kriegsschiffen einzurichten , in denen sie nichts als eine Schlafkoje und eine Kommode fanden , und noch mancherlei andere Vorkehrungen für die Weiterreise zu treffen ; denn Singapore war , wenn wir nach Japan gingen , auf lange Zeit der letzte Hafen , wo man europäische Lebensbedürfnisse kaufen konnte . Die auf den Kriegsschiffen eingetroffenen Herren , welche ihre Einrichtung in England gemacht und schon Erfahrung gesammelt hatten , gaben die nötige Anleitung ; die englischen Kaufleute lieferten -- zu ansehnlichen Preisen -- fast Alles was der Seereisende braucht , und ließen das Fehlende durch chinesische Handwerker anfertigen . Die Marine-Offiziere , die Beamten und Mannschaften hatten nach der langen stürmischen Fahrt alle Hände voll zu tun , um die Schiffe wieder seefertig zu machen -- kurz , Jeder war eifrig beschäftigt .",445
englisch,"Mehr tritt Manie den maurerischen Vorstellungen dadurch näher , dass nach ihm das Licht der erste Grossherrliche , durch keine Zahl beschränkt , Gott selbst , der König der Paradiese des Lichts ist . Dieser erste oder uranfängliche Große ( in virtute magnificus bei Augustin ) ist unverkennbar mit dem Grossmaurer verwandt , welcher nach Antw. 70 des englischen Lehrlingsfragestücks die Welt und den Menschen erbauet hat , - ist der allmächtige Baumeister der Welt , - der Große schlechthin oder in jeder Hinsicht , wie er auch der Ewige heißt , und wie Augustin vom Atlas maximus redet . Der Große in diesem Sinne ist zugleich der einzige und eigentliche Grossmeister , mit der Welt als der von ihm geschaffenen und regierten Grossloge und der gesamten Menschheit als den göttlichen Arbeitern , Kindern und Brüdern , - er ist der Gott der Götter , die göttliche Allheit , die Grossherrlichkeit im Fihrist des Muhammad ben Ishak .",445
englisch,"Den stärksten Verkehr hat Kopenhagen mit Schweden ( 1888 1 ·1 Millionen Tons ) , nicht viel geringer ist der mit Grossbritannien , es folgen Deutschland ( 649.000 Tons ) , das Baltische Meer und Russland . Die dänische Flagge besorgt mehr als die Hälfte ( 2 ·2 Millionen Tons ) der ganzen Leistung , an sie reihten sich die englische ( 761.000 Tons ) , die deutsche , die norwegische , die niederländische und die russische Flagge . Im Küstenverkehre sind neben der dänischen Flagge in ganz geringem Maße die deutsche und die schwedische Flagge beteiligt .",445
englisch,"Der Betrieb geschieht meistens mit Dampfmaschinen . Unter den christlichen Kirchen zeichnet sich vor allen die englische Kathedrale aus . Ihre Bauart ist gotisch , und der schöne Hauptturm überragt ein halbes Dutzend kleinerer Türmchen .",445
englisch,"Contre-Admiral Jaures befehligte die Fregatte Semiramis , die Korvette Dupleix und den Aviso Tankrede ; der königlich niederländische Kapitän De Man die Korvetten Amsterdam , Medusa , Metalcruis und Djambi . Der amerikanische Minister-Resident hatte den Paketdampfer Takiang gemietet und mit Artillerie und Mannschaft von der Segel-Korvette Jamestown ausgerüstet , welche , zu der Expedition nicht geeignet , mit vier englischen Fahrzeugen , einer Korvette und drei Kanonenbooten , vor Yokuhama zurückblieb . Das zwanzigste und ein Detachement des siebenundsechszigsten englischen Linien-Regiments bivouakirten zum Schutze der Niederlassung auf den umliegenden Höhen . --",445
englisch,"Wie jede Erfindung , ist sie nicht unvermittelt auf die Welt gekommen , auch nicht nur in dem Kopfe eines Menschen entstanden . Einer der ersten , der das Fundament der Phlogistonlehre , ohne es zu ahnen , untergrub , war der englische Chemiker Black . Joseph Black , 1728 zu Bordeaux von englischen Eltern geboren , später Professor der Chemie in Glasgow und danach in Edinburg , starb im Jahre 1799 .",445
englisch,"Die nächste Folge dieser viel Aufsehen machenden "" Richardson afair war die , dass der Bakufu ₤ 100000 Entschädigung zahlen musste , von Satsuma aber weitere ₤ 25000 und die Auslieferung Shimadzu Saburos verlangt wurde . Diesem Verlangen wurde nicht entsprochen , und so folgte im August 1863 durch eine englische Flotte unter Admiral Kuper die Beschiessung von Kagoshima , das trotz tapferer Verteidigung größtenteils zerstört wurde , und die Wegnahme dreier Dampfschiffe , welche Satsuma gehörten . Schon im Frühling dieses Jahres , also bevor noch die englische Flotte vor Kagoshima erschienen war , hatte eine Versammlung der Daimio in Kioto stattgefunden , an der auch der Shogun in Folge dringender Aufforderung des Mikado teilnahm .",445
englisch,"Tee hörte auf bloß Luxusartikel auf dem Tisch des Wohlhabenden zu sein . Millionen von Unbemittelten haben sich auch in Europa und in allen englisch redenden Ländern außerhalb an seinen Genuss gewöhnt und gefunden , dass er ihnen das billigste und gesündeste warme Getränk liefert . Wie sich sein Verbrauch über die verschiedenen Länder verteilt , ergibt sich aus einer der nachfolgenden Übersichtstabellen . –",445
englisch,"Maltzahns Bericht , 7. Oct. Kaiser Franz an H. Wilhelm v. Braunschweig , 17. Oct. 1830 . Am 8. November hatte Karl die Verhandlungen mit den englischen Ministern plötzlich abgebrochen , am folgenden Tage war er aus England verschwunden . Acht Tage später tauchte er in der Frankfurter Gegend wieder auf ; der Jude Henrici , der soeben aus dem Londoner Schuldgefängnis entlassene vormalige bayerische Leutnant Bender v. Bienental und einige andere Abenteurer gleichen Schlages bildeten sein Gefolge .",446
englisch,"Ich halte also eine kleine Beschreibung von ihm nicht für überflüssig , wenigstens dient sie zur Vergleichung . Mein Vogel den ich hier beschreibe war ein Männchen und ein Jahr alt ; seine Höhe längst den Beinen hinauf 16 englische Zoll , die Länge vom Schnabel bis an das Ende des Schwanzes 3 englische Fuß , und von einem Ende der ausgebreiteten Flügel bis zum anderen 8 solcher Fuß . Die natürliche Lage der Flügel war so , daß die Enden der dritten , vierten und fünften Schwungfeder ( Remiges ) mit den Enden der Schwanzfedern ( Rectrices ) in einem Abschnitt sich endigten .",446
englisch,"Fruchtbare Äcker und schöne Wiesen verschwanden , und nun war die große Fläche mit Sand überdeckt , wo man Mühe hatte , die Pflanzung fortzubringen . Der Garten ist von einem großen Umfang ; desto mehr wird man durch die ewige Symmetrie ermüdet , die hier durchgängig herrscht , bis auf einen kleinen Bezirk , den man den englischen Garten nennt . Man sieht nichts als große , gerade Alleen , Hecken und Bogengänge mit Linial und Schnur gezogen , Arkaden , Altane und Nischen von Baumwerk gebildet , eine unnütze Menge von eisernem und hölzernem Gitterwerk ; und dazwischen Parterre , Wasserkünste , stehende und liegende Figuren , meistens von Marmor in natürlicher , einige von Gips in kolossalischer Größe , endlich reguläre Wasserbehältnisse .",446
englisch,"Eine ähnliche unternahm Hr. Valet zu Bristol. Hr. Bonoeil ging nachmals selbst nach England über , und errichtete , nach vielen mühseligen Patentstreitigkeiten , ein eigenes Etablissement ( Beau-regard ) bei Liverpool , von wo aus er jetzt Manchester und die umliegende Gegend mit dephlogistisirter Salzsäure versorgt . Auch in Lisle im französischen Flandern , zu Colmar im Elsaß und in der Normandie , wo die Baumwollenmanufakturen mit den englischen wetteifern , wurde Berthollets Erfindung benutzt . Die Herren Oberkampf und Royer zu Jouy und Hr. Henry zu Manchester versuchten die Grappbrühe auf den Kattunen , statt des Kuhmists , durch dephlog .",446
englisch,"Zwar wird man einwenden , daß bei einem solchen Impost alle englische Waren gar bald gänzlich zurück bleiben , und unsere deutschen Fabriken , welche bereits wirklich den englischen in vielen Arten von Waren gleich kommen , den Markt allein haben würden . Allein ohne zu gedenken , daß wir so wie hier oben bereits gezeigt , keine Auflage von 35 p. C. zu machen gebrauchen , sondern mit dem zehnten Teil zukommen können , und daß hierdurch die englischen Manufakturen vermutlich nicht ganz zurück gehalten werden dürften : so wird zu der Zeit , wenn wir erst so glücklich sein werden , die fremden Wollwaren gänzlich entbehren zu können , sich noch allemal ein patriotisches Projekt wieder finden , wodurch dieses minus in der zu errichtenden Reichskasse ersetzet werden kann ; und vielleicht sind wir zu der Zeit gar so glücklich , daß mittlerweile alle unsere alten Prozesse abgetan , und die neuen mit wenigeren Kosten durchgebracht werden können .",446
englisch,"Aber des frommen Greises Ermahnungen rührten das Kirchspiel Endlich : da wurde sie gebaut zu edlerer Gäste Bewirtung , Rings mit Tapeten geschirmt , mit wärmenden Bohlen gepflastert , Einem zierlichen Ofen geschmückt , und englischen Fenstern , Nach dem Garten hinaus und des Sees hochwaldiger Krümmung . Wer ihn jetzt besucht , dem zeiget er gerne die Aussicht , Jede Bequemlichkeit und Verschönerung , schätzet des Baues Kosten , und rühmt die Häupter des Kirchspiels .",446
englisch,"Von gehämtem Flusse der Kindbetterinnen , hofm . de aere microc . faktet . In der englischen Krankheit , buchener de rhachit. S. 10. 11 . PETIT malad . des os. T. II. S. 126. 127. saviard . obs.",446
englisch,"Woraus man zur Genüge ersieht , wie das beiderseitige Interesse gegeneinander gestanden und wohin sie sich versteckte Winke gegeben haben . Das sonderbarste bei diesem Streite war , daß die Hansestädte sich nie auf das vorhin eingerückte Privilegium vom Jahr 1237 , welches von Gothlandischen Kaufleuten spricht , bezogen , sondern ihren ruhigen Besitz der freien Ein- und Ausfuhr vom Jahr 1260 anrechneten ; die Engländer aber ebenfalls jenes Privilegium gar nicht kannten , sondern bloß durch die gesunde Vernunft geleitet , behaupteten , es könne sich die Einfuhr der Hansestädte nicht weiter als auf solche Ware , so in ihrer Heimat fiele , erstrecken , ihnen auch die Feyheit nicht zustehen englische Waren auf auswärtige freie Märkte zu führen . Unstreitig hatten die Hansischen gute Ursachen jenes Privilegium im Dunklen zu lassen ; und sich dafür auf den Besitzstand , Soden auf die vor und nach erhaltene in allgemeinen Ausdrücken abgefaßte Königl. Privilegien zu beziehen ; welche , nachdem man ihnen das von 1237 unterlegte , einen ganzen anderen Sinn bekamen , als wenn man sie nach der Voraussetzung der Hansestädte erklärte .",446
englisch,"Ich fand darin : 1 ) Eine Englische Übersetzung von Cronstedts Mineralogie , durch Gustav von Engeström , London , 1770. gr. 8. die viel vermehrt und sehr brauchbar ist . 2) Ganz anders aber ist die Französische Übersetzung von Dreux , die so viele Fehler als Zeilen hat , zum Teil sehr lächerliche , als : S. 112. nennt er den Tuffstein , Fonds baptismaux , als wenn Taufstein im Deutschen stünde. S. 171. sagt er : la Topase se trouve avec la Cochlite en Saxe , -- soll heißen :",446
englisch,"Dagegen sind die Abgaben größer geworden , da der König für das Recht nach dem Willen des Residenten zu regieren , auch noch einen bedeutenden Tribut erlegen muß , den er natürlich aus dem Säckel des Volkes nimmt . Der König von Radschpatan zahlt jährlich drei Lack ( 300,000 Rupien ) an die englische Regierung . Seit dem Jahre 1843 soll in ganz Indien keine Verbrennung mehr stattgehabt haben .",446
englisch,"Die Dichtkunst so unnütz ? Wohl ! belohnt sie nur so , wie ihr den gaukelnden Tänzer , Welcher dem Staate noch weniger nützt , die Triller des Welschen , Oder die englische Kuppel bezahlt . Sind diese nicht unnütz , O so sind es noch weniger Lieder , der Nachwelt Bewunderung , Welche das schwellende Herz noch mehr zur Tugend erheben .",446
englisch,"Ihre Kultur wurde zugleich erweitert , mit allen Vorteilen für die Forstwissenschaft , für die mechanischen Künste und Handwerke , für so manche Bedürfnisse des bürgerlichen Lebens . Vornehmlich sind es die amerikanischen Bäume und Sträucher , die der englische Gartengeschmack in verschiedene Länder von Europa verbreitet hat . Es ist wahr , daß manche Gärten sie leicht entbehren können , zumal wenn wir den reichen Vorrat unserer älteren Bäume besser gebrauchen lernen .",446
englisch,"Die im Gefolge des Gesandten auf dem Überlandwege Gekommenen hatten ihre Kammern auf den Kriegsschiffen einzurichten , in denen sie nichts als eine Schlafkoje und eine Kommode fanden , und noch mancherlei andere Vorkehrungen für die Weiterreise zu treffen ; denn Singapore war , wenn wir nach Japan gingen , auf lange Zeit der letzte Hafen , wo man europäische Lebensbedürfnisse kaufen konnte . Die auf den Kriegsschiffen eingetroffenen Herren , welche ihre Einrichtung in England gemacht und schon Erfahrung gesammelt hatten , gaben die nötige Anleitung ; die englischen Kaufleute lieferten -- zu ansehnlichen Preisen -- fast Alles was der Seereisende braucht , und ließen das Fehlende durch chinesische Handwerker anfertigen . Die Marine-Offiziere , die Beamten und Mannschaften hatten nach der langen stürmischen Fahrt alle Hände voll zu tun , um die Schiffe wieder seefertig zu machen -- kurz , Jeder war eifrig beschäftigt .",446
englisch,"Mehr tritt Manie den maurerischen Vorstellungen dadurch näher , dass nach ihm das Licht der erste Grossherrliche , durch keine Zahl beschränkt , Gott selbst , der König der Paradiese des Lichts ist . Dieser erste oder uranfängliche Große ( in virtute magnificus bei Augustin ) ist unverkennbar mit dem Grossmaurer verwandt , welcher nach Antw. 70 des englischen Lehrlingsfragestücks die Welt und den Menschen erbauet hat , - ist der allmächtige Baumeister der Welt , - der Große schlechthin oder in jeder Hinsicht , wie er auch der Ewige heißt , und wie Augustin vom Atlas maximus redet . Der Große in diesem Sinne ist zugleich der einzige und eigentliche Grossmeister , mit der Welt als der von ihm geschaffenen und regierten Grossloge und der gesamten Menschheit als den göttlichen Arbeitern , Kindern und Brüdern , - er ist der Gott der Götter , die göttliche Allheit , die Grossherrlichkeit im Fihrist des Muhammad ben Ishak .",446
englisch,"Den stärksten Verkehr hat Kopenhagen mit Schweden ( 1888 1 ·1 Millionen Tons ) , nicht viel geringer ist der mit Grossbritannien , es folgen Deutschland ( 649.000 Tons ) , das Baltische Meer und Russland . Die dänische Flagge besorgt mehr als die Hälfte ( 2 ·2 Millionen Tons ) der ganzen Leistung , an sie reihten sich die englische ( 761.000 Tons ) , die deutsche , die norwegische , die niederländische und die russische Flagge . Im Küstenverkehre sind neben der dänischen Flagge in ganz geringem Maße die deutsche und die schwedische Flagge beteiligt .",446
englisch,"Der Betrieb geschieht meistens mit Dampfmaschinen . Unter den christlichen Kirchen zeichnet sich vor allen die englische Kathedrale aus . Ihre Bauart ist gotisch , und der schöne Hauptturm überragt ein halbes Dutzend kleinerer Türmchen .",446
englisch,"Contre-Admiral Jaures befehligte die Fregatte Semiramis , die Korvette Dupleix und den Aviso Tankrede ; der königlich niederländische Kapitän De Man die Korvetten Amsterdam , Medusa , Metalcruis und Djambi . Der amerikanische Minister-Resident hatte den Paketdampfer Takiang gemietet und mit Artillerie und Mannschaft von der Segel-Korvette Jamestown ausgerüstet , welche , zu der Expedition nicht geeignet , mit vier englischen Fahrzeugen , einer Korvette und drei Kanonenbooten , vor Yokuhama zurückblieb . Das zwanzigste und ein Detachement des siebenundsechszigsten englischen Linien-Regiments bivouakirten zum Schutze der Niederlassung auf den umliegenden Höhen . --",446
englisch,"Wie jede Erfindung , ist sie nicht unvermittelt auf die Welt gekommen , auch nicht nur in dem Kopfe eines Menschen entstanden . Einer der ersten , der das Fundament der Phlogistonlehre , ohne es zu ahnen , untergrub , war der englische Chemiker Black . Joseph Black , 1728 zu Bordeaux von englischen Eltern geboren , später Professor der Chemie in Glasgow und danach in Edinburg , starb im Jahre 1799 .",446
englisch,"Die nächste Folge dieser viel Aufsehen machenden "" Richardson afair war die , dass der Bakufu ₤ 100000 Entschädigung zahlen musste , von Satsuma aber weitere ₤ 25000 und die Auslieferung Shimadzu Saburos verlangt wurde . Diesem Verlangen wurde nicht entsprochen , und so folgte im August 1863 durch eine englische Flotte unter Admiral Kuper die Beschiessung von Kagoshima , das trotz tapferer Verteidigung größtenteils zerstört wurde , und die Wegnahme dreier Dampfschiffe , welche Satsuma gehörten . Schon im Frühling dieses Jahres , also bevor noch die englische Flotte vor Kagoshima erschienen war , hatte eine Versammlung der Daimio in Kioto stattgefunden , an der auch der Shogun in Folge dringender Aufforderung des Mikado teilnahm .",446
englisch,"Tee hörte auf bloß Luxusartikel auf dem Tisch des Wohlhabenden zu sein . Millionen von Unbemittelten haben sich auch in Europa und in allen englisch redenden Ländern außerhalb an seinen Genuss gewöhnt und gefunden , dass er ihnen das billigste und gesündeste warme Getränk liefert . Wie sich sein Verbrauch über die verschiedenen Länder verteilt , ergibt sich aus einer der nachfolgenden Übersichtstabellen . –",446
Museum,"Zur Zeit besitzen wir noch keineswegs Stoff genug , um über die Frage , ob hier Artverschiedenheiten zu Grunde liegen oder nicht , mit der notwendigen Sicherheit entscheiden zu können . Unsere Museen sind bis_jetzt noch keineswegs die Vorratskammern zu den Arbeiten eines Naturforschers gewesen , wie er Vorratskammern braucht ; denn die besten Museen zeigen höchstens ein oder zwei Stücke von Steinböcken , und von einer Sammlung der Tiere , in welcher alle Altersverschiedenheiten und mancherlei Abweichungen , wie sie ja immer vorkommen , vertreten wären , ist noch keine Rede . Übergänge von einer zur anderen Form sind noch keineswegs nachgewiesen , und somit müssen wir die verschiedenen einstweilen wohl als Arten betrachten .",1329
Museum,"In der Nähe dieses Gartens liegen die großen Gewächshäuser der Gartenbaugesellschaft ( Horticultural Society ) , das große naturhistorische Museum und das South-Kensington-Museum , welches zur Förderung der Künste und Kunstindustrie bestimmt ist und reiche Sammlungen sowie eine große Bibliothek mit verschiedenen Fachschulen verbindet , in denen in den einzelnen Zweigen Unterricht erteilt wird . Dieses Museum birgt große Schätze in sich , von denen man wohl sagen kann , dass sie in allen Teilen der Welt gesammelt worden sind , und hat auf die Besserung des Geschmackes in England einen nicht zu unterschätzenden Einfluss geübt . Es verdankt , wie so viele gemeinnützige und höchst ersprießliche Einrichtungen , seine Entstehung einer Anregung des um sein Adoptivvaterland so hochverdienten Prinzen Albert , des Gemahls der Königin Victoria .",1329
Museum,"Der König von Preußen wollte es ihm abkaufen , lies sich hier , aber bei Boschs Feinden danach erkundigen , und diese schrieben keine günstigen Nachrichten zurück . Ich sah ferner noch das Museum Gottwaldianum , von einem Arzte in Danzig , durch . Es sind 2. kleine Folianten von Zeichnungen , Konchylien und Anat. comp. aber kein Text dabei , und kostet anderthalb Dukaten . --",1329
Museum,"Bergleder , aluta montana ( Fr. cuir fossile ) heißt die Abart die in breiten biegsamen lederähnlichen Stücken bricht , ist noch leichter = 680. Gehalt = 56,2 , Kiesel-Erde , 2 Thon-Erde , 26,1 Talk-Erde , 12,7 Kalk-Erde , 3 Eisen . Ausnehmend schön in großen weißen Blättern besitzt es das akademische Museum unter den Aschischen Geschenken aus dem Oloneczischen , wo es als Saalband zu beiden Seiten an großen dendritischen gediegenen Kupferschollen anliegt . 2. Amiant , Bergflachs , so genannter reifer Asbest , salamandra bei den latinobarbaris .",1329
Museum,"Bereits persönlich am spanischen Hofe bekannt war der Kavaliere Cassiano del Pozzo , der in Begleitung des Kardinal Barberini im Jahre 1626 dorthin gekommen war . Sein Museum von Zeichnungen , Münzen , Reliefs und Gemälden war eine der Merkwürdigkeiten Roms . Hier machte Poussin seine Studien nach der Antike , aus Dankbarkeit malte er dem Kavaliere die sieben Sakramente .",1329
Museum,"denn es finden sich Münzen von einem sehr unförmlichen Gepräge . Die schönste Münze von Athen , welche ich gesehen , ist ein sogenannter Quinarius in Gold , in dem Königl. Farnesischen Museum des Königs von Sizilien . Boze gibt vor , daß sich gar keine Athenische Münze in Gold findet , welches durch die angeführte Münze widerleget wird .",1329
Museum,"Von der größeren Zahl wissenschaftlicher Vereine sind an erster Stelle zu nennen : die Gesellschaft für indische Sprachen- , Länder- und Völkerkunde , die Gesellschaft für Künste und Wissenschaften und schließlich die königliche naturhistorische Vereinigung . Das Museum der Stadt befand sich früher in Rijswijk , ist aber derzeit in einem sehr schönen Hause am Konings-Plein untergebracht . Vor dem Eingange befindet sich ein Elefant aus Bronze auf steinernem Piedestal ; das Ganze ist ein Geschenk des Königs von Siam .",1329
Museum,"Ja auch seine Begleiter , die Satyren , welche früher ohne Ausnahme bärtig und mit vielfachen Zeichen ihrer halb_tierischen Herkunft gebildet wurden , folgen ihm in dieser feineren Entwicklung . Wir brauchen nur jenen vom Flötenspiel ausruhenden , an einen Baumstamm gelehnten Satyr zu betrachten , von welchem fast jedes bedeutendere Museum Nachbildungen aufzuweisen hat , um zu erkennen , wie hier von jener Abstammung kaum noch ein äußeres Zeichen übrig geblieben , die frühere Derbheit dem Ausdrucke sinnlicher Lust und sinnlichen Behagens gewichen ist . Freilich muss ich bei dieser Gelegenheit bemerken , dass ich keinen positiven Grund sehe , diesen Satyr für den Periboetos zu halten ; ja ich kenne nicht einmal ein direktes Zeugnis , welches ihn überhaupt dem Praxiteles beilegte .",1329
Museum,"Es erreicht , gegen die Weise anderer Frösche , bevor es noch völlig ausgebildet worden , doch eine beträchtliche fast Spannenlange Größe , häutet sich während der Zeit verschiedentlich , und hat in diesem Zustand zu einer alten Sage von Fröschen , die sich in Fische verwandelten , Anlaß gegeben . Wenn es aber auch gleich seine Metamorphose überstanden hat , und die Flüsse groß gewachsen und völlig ausgebildet sind , bleibt es dennoch geschwänzt , wie wir ebenfalls aus einer ganzen Reihe dieser Tiere in ihrer stufenweisen Verwandlung im akademischen Museum , ersehn . Daß es sich anch am Cap. finde , versichert ten rhyne l. c. pag. 22. sqq .",1329
Museum,"Auf dem Rückwege besuchte ich das Museum , das aus einem einzigen Saale besteht . Es enthält zwar einige Sehenswürdigkeiten aus den Tumulis ; alles vorzüglich schöne und kostbare aber , was man fand , wurde nach dem Museum von Petersburg gebracht . Die Reste von Skulpturen , Basreliefs , Sarkophagen und Epitaphen sind sehr beschädigt .",1329
Museum,"C. B. Davenport , "" Observations ohne budding in Paludicella and some other Bryozoa "" , Bull . of the Museum of Comp. Zool. at Harvard Kollege . Vol. XXII , No. 1. 1891 .",1329
Museum,"Das Nationalmuseum hat in den letzten Jahren , Dank den Bemühungen des jetzigen Direktors , einen bedeutenden Aufschwung genommen . Interessant ist die erst vor wenigen Jahren entstandene paläontologische Abteilung , besonders reich die archäologische Abteilung des Museums , welche höchst bemerkenswerte Gegenstände über die Sitten , Lebensweise und Gewohnheiten der Ureinwohner des Landes zur Zeit der Eroberung desselben durch die Spanier enthält . Montevideo besitzt mit den Vorstädten Paso da Molen , Cerro und und Villa Union 175.000 Einwohner .",1329
Museum,"Ich finde hier noch anzumerken , daß die großen Kaiserlichen Medaillons in Erzt , welche echt sind , allererst unter dem Hadrian anfangen . Dieses vorausgesetzt , sind alle diejenigen , welche sich in dem Kaiserlichen Museum zu Wien befinden , für untergeschoben zu erklären . Einer der schönsten daselbst von gedachtem Kaiser ist inwendig hohl , und ein Mauleseltreiber bei Rom hatte dieses seltene Stück viel Jahre , anstatt einer Schelle , an seinem Tiere hängen .",1329
Museum,"Novius Plautius . Unsere Kunde von diesem Künstler knüpft sich an das schönste und edelste Werk alt-italischer Kunst , welches wir besitzen , die sogenannte ficoronische Kiste des Kirchärschen Museums in Rom , welche um das Jahr 1743 in der Nähe von Palestrina , dem alten Praeneste , gefunden worden ist . Die Künstlerinschrift lautet : die Dedikation :",1329
Museum,"Müller , Taf. II. Fig. 137. Sehr verwandt mit der Darstellung der indischen Durga in der vorgehenden Beschreibung ist die ägyptische Göttin Atesch oder Satesch , Venus-Hathor , Venus-Mylitta , Venus-Astarte , d. h. Isis , welche nach einer ägyptischen Kalksteinstele im Museum des Louvre zu Paris Lajard , Recherche , Taf. XI. , zum ersten Mal in der Originalgrösse herausgegeben hat . Die nackte rötliche Göttin , mit rötlichen Kuhhörnern auf dem Haupte , zwischen denen die rötliche Mondscheibe ( nach Lajard , S. 172 ) ruht , steht auf einem nach der linken Seite gewandten Löwen mit rötlicher Mähne .",1329
Museum,"Die Brände von Naphthalagen bei Astracan , die Entzündungen derer Steinkolen-Flötze , und die verschiedene brennende und rauchende Fleck in Italien , gehören hierher . Von den ersten hat uns Herr D. Lerche eine schöne Nachricht erteilet , welche in den 2ten Stück des zweiten Teiles der Ober-Sächsischen Berg-Akademie , befindlich : und von dem anderen lehrt es noch leider die tägliche Erfahrung , bei Wettin , bei Zwickau etc. von denen letzteren schreibt Boccone in dem Museum . di fisica & di Esperienze , in der 30ten Anmerkung unter den Namen Macaluti , und führt davon an , daß es bei Agrigent , bei Modena , bei Mineo , Perugia , und Malta etc. Orte gebe , welche beständig bebten , rauchten , brennten , Flammen- und Schwefel- Dämpfe von sich stießen . "" Er beschreibet , daß solche ein Stück Land sein , wo die Erde in einer beständigen Gehrung sich befinde , und merklich aufwalle , so daß die Oberfläche desselben , sich beständig bewege , sogar daß auch bisweilen kleine Hügel einer Ellen hoch daraus entstünden , welche nachdem sie eine gewisse Höhe erlanget , sich öffneten , zusammen fielen , und endlich zu einen Loche würden , aus welchen nach der Zeit trübes Wasser heraus laufe mit vielen Schlamm vermengt , und einen starken Schwefel-Geruch äußere .",1329
Museum,"Morgen und übermorgen wird noch dazu im Kabinett aufgeputzt etc . Ist_es nicht ewig Schade , daß in einem Lande , wo die Schifffahrt nach allen Weltgegenden , und Geld im Überfluß alle Schätze der Natur aufhäufen und alle Fremden herziehen könnte , kein vollständiges wohleingerichtetes Museum errichtet wird ? Hr. Dr. Titius in seiner im 9ten Teile der Bernonillischen Sammlung kurzer Reisebeschreibungen befindlichen Reise sagt , es werde nur Montags und Freitags von 12. -- 1. Uhr öffentlich gezeigt , die übrigen Tage könne man_es zwar auch besehen , man müsse aber 3. Gulden dafür zahlen .",1329
Museum,"Die ersten Einwohner , waren in einem so entnervenden Klima weichlich geworden , und wurden immer von anderen tapfereren nordischen Völkerschaften besiegt . Es wurde also diese Halbinsel von den verschiedensten Völkern nach und nach unterjocht , allein jedesmal scheint sich die Gesichtsbildung dieser neuen Ankömmlinge nach dem neuen Himmel gleichsam umgewandelt zu haben , daß man z. B. die nationale und völlig charakteristische Physiognomie der ältesten Besitzer Indiens jetzt bloß aus den ältesten Kunstwerken Indiens , den ungeheuren mit ungemeiner Kunst in den unterirdischen Tempeln der Juseln Falsette und Elephant ausgegrabenen Statuen kennt , von welchen ich zu London im britannischen Museum und unter den antiquarischen Schätzen des so humanneu Herrn Karl Towuley bewundernswerte Proben gesehen habe . Daß aber auch die neueren Eroberer Indiens , die Mongolen nämlich , seit Timurs Zeiten viel von ihrer angeborenen Gesichtsbildung unter dem neuen Himmel verloren , und der indischen sich genähert haben , hat mir ebendaselbst ein großer Kenner Indiens , Herr Jo. Walsh , mit Belegen von Porträts augenscheinlich dargetan .",1329
Museum,Glutinosa. M. tentaculis 9 . Linn . Museum reg. Adolph . Frid. tab. VIII. fig. 4.,1329
Museum,"Eschenburg gab in seinem Britischen Museum ein paar Abhandlungen aus Wartons Geschichte der Englischen Dichtkunst ; einen Auszug des ganzen Werks , so wie anderer nützlichen Werke über diesen Gegenstand , konnte er nicht geben : denn sein Museum selbst verschloß sich . Blankenburg gab den Anfang von Johnsons Lebensbeschreibungen der Englischen Dichter , ein Werk voll Kritik , lehrreich auch für uns Deutsche , obgleich nichts weniger als unparteilich ; die Fortsetzung unterblieb .",1329
ausbilden,"Dem selbstständigen Selbstbewusstseyn ist einestheils nur die reine Abstraction des Ich sein Wesen , und anderntheils , indem sie sich ausbildet und sich Unterschiede gibt , wird diss Unterscheiden ihm nicht zum gegenständlichen ansichseyenden Wesen ; diss Selbstbewusstseyn wird also nicht ein in seiner Einfachheit sich wahrhafft unterscheidendes , oder in dieser absoluten Unterscheidung sich gleichbleibendes Ich .",321
ausbilden,"Gerade umgekehrt haben sich die Formeln in der angegebenen Weise ausgebildet , um dem in dem inneren Wesen der Sache gegründeten Gegensatz zum angemessenen Ausdruck zu dienen .",321
ausbilden,"Diese Form ist von der Aeolischen Lyrik ausgebildet ; zu Alcäus und Sappho ist , obwohl Jonier , Anakreon zu stellen .",321
ausbilden,"Freilich wurde diese Idee vorzugsweise in den Philosophenschulen ausgebildet ; im Leben und im Bewusstsein des Volkes trat sie nur wenig hervor , mehr noch die Scheu vor den bösen Dämonen .",321
ausbilden,"Dann erst und im dritten Monate beginnt die fötale Placenta sich auszubilden , indem an der Stelle , mit welcher das Ei der Uteruswand anliegt , die Zotten immer weiter wuchern , während dieselben an den übrigen Stellen im Wachsthume zurückbleiben und ihre Gefässe atrophisch werden .",321
ausbilden,"Schon am Anfange des vierten Monates ist dieses Schleimgewebe an manchen Stellen , z. B. dem Rücken , vollständig ausgebildet .",321
ausbilden,"Andere junge Leute , die sich zu Dolmetschern ausbilden wollten , wurden aus England erwartet .",321
ausbilden,"Diese Discretion wird um so stärker ausgeprägt sein , je constanter die Richtungen des Zuges sind , je weniger also durch Wechsel des Zuges die Umgebung wieder mit benutzt wird ; so sehen wir an den accessorischen Gelenkbändern die Sonderung von der Umgebung so vollkommen scharf ausgebildet , dass sie geradezu glänzende Oberfläche haben , während dies bei den Bändern der Harnblase , entsprechend der vielfach wechselnden Zugrichtung , natürlich nicht der Fall ist .",321
ausbilden,"Dies mit möglichster Genauigkeit und Sicherheit zu bestimmen , gehört zu den schwierigsten , aber auch zu den schönsten Triumphen der modernen Bergtechnik , und wer sich zu einem tüchtigen Touristen ausbilden will , muss in dieser Sache Fertigkeit besitzen .",321
ausbilden,In Frankreich hat sich dieselbe erst nach der Revolution als enseignement libre ausgebildet ; das Gesetz von 1833 bezieht sich noch wesentlich auf Privatschulen .,321
ausbilden,"Ueberaus enge und wenig ausgebildet ist hingegen das Siebbein der mehresten Quadrumanen , als bey welchen es nicht zwischen ihren so dicht an einander stossenden Augenhöhlen ( § 20 ) , sondern tiefer in die Nase hinab liegt , so dass ihre Geruchsnerven erst zwischen den partibus orbitalibus des Stirnbeins wie durch einen Canal herablaufen , auf dessen Hoden das kleine unansehnliche Siebchen befindlich und nur mit wenigen Oeffnungen durchbohrt ist .",321
ausbilden,"– Dass die beiden Hauptfortsätze an diesen Knochen , der coracoides und das acromium bey denen am ansehnlichsten ausgebildet seyn müssen , die wahre lange Schlüsselbeine haben , lässt sich schon a priori erwarten .",321
ausbilden,"Einige halten es für eine Erfindung des Aristides , die nachher von Praxiteles ausgebildet sei .",321
ausbilden,"Erst jetzt folgen bei dem Krebse die eigentlichen Füße , wovon das erste Paar die Scheeren trägt , während bei den Heuschreckenkrebsen z. B. der zweite Kaufuß des Krebses sich zu einem gewaltigen Zangenfuße ausbildet , der die Beute ergreift , und der dritte Kaufuß einem mit einem Haken bewaffneten Fuße entspricht .",321
ausbilden,"Soldaten ausbilden , Waffen anschaffen , Festungen anlegen , — oder Wege und Kanäle bauen , Eisenbahnen in Betrieb halten , Briefe und Telegramme befördern , — oder Schulen errichten , Handel , Industrie und Ackerbau heben und unterstützen u. s. w. das Alles sind Thätigkeiten , welche sich zwar innerhalb der vom Recht gezogenen Schranken halten müssen , welche aber die Aufrechthaltung der Rechtsordnung selbst nicht zum Gegenstande haben , und deshalb ihren positiven Inhalt durch Rechtssätze nicht erhalten .",321
ausbilden,"Die weitern Glieder , welche bei den typischen Bandwürmern vorkommen , sind um so vollkommener ausgebildet , je weiter sie von dem Kopfe abstehen ; aber auch bis zu dem Momente ihrer Reife , wo sie sich lostrennen , sieht man niemals eine Spur von Nervensystem in ihnen entwickelt .",321
ausbilden,"Es hat aber im ältesten Germanien ein Adel schon bestanden ; dieser hat nach vielfältigen Kämpfen in den fränkischen Gefolgen endlich ganz Teutschland und zuletzt beynahe ganz Europa bezwungen ; später im Lehnssystem zur Ritterschaft sich ausgebildet , und zum Theil zur Unmittelbarkeit sich erhoben ; ist noch später in den stehenden Heeren und im Hofdienst wieder ins Gefolge eingetreten , und so nun in bestimmter Gestalt und mit positiven Rechten auf uns gekommen .",321
ausbilden,"Auch die Ränkesucht spielte mit , jene alte französische Sünde , die in den höfischen Cabalen des alten Jahrhunderts zur Meisterschaft ausgebildet , längst schon in die parlamentarischen Sitten der neuen Zeit eingedrungen war : Graf Molé und der Vertraute des Herzogs von Orleans , General Sebastiani schürten den Widerstand gegen Martignac , weil sie selber seine Erbschaft anzutreten hofften .",321
ausbilden,"Als aber die Landeshoheit sich zur wirklichen Staatsgewalt ausgebildet hatte , fristeten sie nur noch hie und da eine machtlose Existenz , bis sie allmählich ganz verschwanden .",321
ausbilden,"Die Haut ist jetzt am reichlichsten mit dem weichen glänzenden Wollhaar bedeckt , die Nägel sind mehr ausgebildet , aber noch sehr weich , eben so die Kopfknochen , welche noch in den Näthen ziemlich auseinander stehen .",321
ausbilden,"Doch ich sehe , dass der Wunsch , Ihnen gleich von vorn herein das Räthsel zu lösen , wie es gekommen , dass Haller das Ei , welches er mit so viel Ausdauer in Schaafen suchte , so lange nicht finden konnte und dann plötzlich ein sehr grosses Ei traf , mich ganz von meinem Gegenstande ab- und in eine Einzelheit verlockt hat , welche mehr in spätere Vorträge gehört , in welchen wir die Differenzen des Eies der Säugethiere und die Art wie die einzelnen Formen sich ausbilden , verfolgen wollen .",321
ausbilden,"Hieraus scheint sich mir von selbst zu erklären , weshalb da , wo der malerische Vortrag zu überwiegen beginnt , sich das zu entwickeln pflegt , was man gewöhnlich als eine breitere Manier bezeichnet : eine Behandlungsart , welche weniger ängstlich und scharf das Detail der Formen ausbildet , als die Massen , wie sie sich unter dem Einfluss des Lichtes gliedern , im Grossen einander gegenüberstellt .",321
ausbilden,"Das wahre Organ des Verständnisses , worin es sein Wesen entwickelt und ausbildet , ist die Sprache selber , in Geberden und Lauten sich mittheilender und empfangener Ausdruck von Schmerz und Lust , Furcht und Wunsch und aller übrigen Gefühle und Gemüthserregungen .",321
ausbilden,"Tiedemann konnte diesen zwar im Anfange des zweiten und dritten Monates noch nicht finden , sah ihn aber , wie dieses Wrisberg schon bemerkt hatte ( historia embryonis p. 25. ) , späterhin um so mehr vergrössert und ausgebildet ( l. c. S. 172. ) .",321
ausbilden,"Denn ebenso , wie sie unter ganz neuen , also nicht vererbten Verhältnissen hervorgebracht werden , in denen sie blos in Abhängigkeit von den verbrauchenden Theilen entstehen können , müssen sie auch in normalen Verhältnissen sich in der gleichen Weise auszubilden vermögen .",321
ausbilden,Innerhalb von dreizehn Jahren ( von 1941 bis 1953 einschließlich ) sind in den Gewerbe- und Eisenbahnerschulen sowie in den Betriebsschulen auf Staatskosten rund 7 Millionen junger Facharbeiter verschiedener Berufe ausgebildet worden .,321
ausbilden,"Wir haben das Ziel , bei der Verwirklichung des Lehriahresauftrages klassenbewußte , hochqualifizierte Facharbeiter auszubilden und sie gleichzeitig zu sozialistischen Patrioten und proletarischen Internationalisten zu erziehen , wie das im",321
ausbilden,"Bis 1959 sollen tausend Ingenieure , 28000 Traktoristen , 14000 Kombinefahrer , 15000 Traktorenbrigadeführer und über 7000 Kraftwagenführer ausgebildet werden .",321
ausbilden,"An Schußwaffen werden die französischen Okkupanten und auch Einheiten der Bereitschaftspolizei auf dem Schießplatz .Jungfernheide ausgebildet , Darüber hinaus werden im Tegeler Forst Panzermanöver abgehalten .",321
ausbilden,"Ein Hauptmangel bestand weiterhin darin , daß die Viehpfleger und auch die leitenden Kader nicht gleichzeitig nach den neuen Bedingungen gründlich ausgebildet worden sind .",321
ausbilden,"Ein -Superfestunc stürzte In der Nähe der Marschalllnseln ( Still w Ozean ) ab. 14 Personen werden vermißt . ? 51 deutschen Journalisten , Lehrern und Getverkschaftsvertretern , dle nach Großbritannien reisen wollten . wurde die Durchrelse durch die • Niederlande verweigert , meldet die Zeitung „ De Volksbrant "" . + Holländisch » Offiziere werden zusammen mit französischen Soldaten In der Fallschlrmsprineer- Ausblldungsschule in Indochina ausgebildet , berichtet Reuter aus Sauron . + DI « Regierung der Vereinigten Staaten ••> « • sichtigt , wie Innenminister Krug Journalisten erklärte , am 1.- Juli die Kohlengruben ihren Eigentümern zurückzugeben . + MontKomery hat den sowjetischen Stabschef , Marschall Wassilewsky , nach Großbritannien eingeladen .",321
ausbilden,"Rund 70000 junge Bürger aus über hundert Ländern Asiens , Afrikas und Lateinamerikas werden gegenwärtig an Universitäten ) Hochschulen und Technika in allen Teilen der Sowjetunion zu hochqualifizierten Fachleuten ausgebildet .",321
ausbilden,"In der äthiopischen Hauptstadt waren sie zu Wartungsmechanikern für die Elektronik moderner Duseniets ausgebildet worden — ebenso , wie vor ihnen bereits zahlreiche Piloten und Techniker der „ Nigerian Airways "" hier ihr berufliches Rüstzeug erhielten .",321
ausbilden,"Darum hängt die Gefechtsbereitschaft der Einheiten und Truppenteile nicht zuletzt von jenen Unteroffizieren ab , die in der „ Habersaath-Schule ausgebildet werden .",321
ausbilden,"Kraftfahrzeuge , Kraftfahrzeugtriebwerke , Kraftfahrzeugfahrwerke , Kraftfahrzeugmonlage , Berufskraftfahrer In diesem Beruf werden fast nur Jungen ( 461 ) ausgebildet , hinzu kommen lediglich sieben Mädchen .",321
ausbilden,"Ihre Einrichtung soll dazu dienen , vor allem auf technischem und wirtschaftlichem Gebiet praxisorientierte Hochschulabsolventen auszubilden .",321
ausbilden,"In der ersten Etappe des Programms sollen bis Ende des Jahres 150000 Alphabetisatoren ausgebildet werden , die in den ersten fünf Monaten des kommenden Jahres eine Million Bolivianer unterrichten sollen .",321
ausbilden,Sechs mexikanische Spezialisten wurden vier Monate lang in der DDR ausgebildet,321
ausbilden,"Die Menschen sind zwar vorhanden , aber sie mußten ausgebildet werden .",321
ausbilden,"Der Verfasser des im Revanchistenorgan „ Der Schlesier "" veröffentlichten kriegshetzerischen Szenariums über einen Marsch der Bundeswehr nach Osten , Thomas Finke , ist bei der Bundeswehr in psychologischer Kriegsführung ausgebildet worden .",321
ausbilden,In den dreißig Jahren ihres Bestehens wurden an der Fachschule insgesamt 25000 Ökonomen praxisnah ausgebildet .,321
ausbilden,"Von den sechs , sieben Lehrlingen , die wir jährlich ausbilden , blieben in der letzten Zeit immer nur ein oder zwei bei uns .",321
ausbilden,"Schon am 29. November 1973 konnte das Präsidium des DTSB der 10. Tagung seines Bundesvorstandes darüber berichten , daß seit dem 1. Januar 1973 mehr als 64000 neue Mitglieder aufgenommen worden sind , mehr als 8200 Übungsleiter und 5400 Schieds- und Kampfrichter ausgebildet wurden bzw. einen höheren Qualifikationsgrod erwarben .",321
ausbilden,"Nach einleitenden Begrüßungsworten der Leiterin des Instituts , Genossin Lene Berg , mit denen sie die künftige Lehrtätigkeit und die wissenschaftliche Forschungsarbeit des Instituts umriß , in der in dreijährigen Lehrgängen hochqualifizierte Theoretiker und Propagandisten der Partei ausgebildet werden sollen , sprach Genosse Grotewohl über die Bedeutung der theoretischideologischen Arbeit , die mit Hilfe des Instituts auf ein hohes Niveau gebracht werden soll .",321
ausbilden,"Weil wir einen großen Mangel an Maschinisten haben und daher gerade von diesen die meisten Überstunden gemacht werden , schlagen wir vor , Frauen und junge Kollegen auszubilden .",321
ausbilden,"gelegt wird , Die Besten der Studenten werden für die Aufnahme in den wissenschaftlichen Nachwuchs vorgesehen und unterziehen sich nach einem weiteren Jahr Studium einer Prüfung , nach deren erfolgreichem Bestehen sie als Aspiranten — elso Kandidaten des wissenschaftlichen Nachwuchses — bestätigt werden und sich zum Wissenschaftler ausbilden -",321
ausbilden,"Dieser gelangte aus einem in der Nähe des Lagers gelegenen alten Kloster , in dem schwererziehbare Jugendliche als Tischler , Schlosser und Schmiede ausgebildet wurden , zu uns .",321
ausbilden,"Wie sollen wir sonst zu Fachkräften kommen , wenn wir die Schlackeschipper nicht endlich zu Kokillenmännern und Gießern ausbilden ?",321
ausbilden,Viele von ihnen werden durch die Lehrkräfte der Betriebsschule für Land- und Nahrungsgüterwirtschaft beim Magistrat in der Weißenseer Buschallee ausgebildet .,321
ausbilden,"Wie die Wirtschaftszeitung „ Jingji Ribao "" dazu schrieb , sieht das unter der Schirmherrschaft der Staatlichen Plankommission stehende Programm vor , in vierwöchigen Intensivkursen Direktoren und Leitungskader von etwa 3000 Betrieben und Unternehmen in Computer- Grundlagenwissen und in der Anwendung von Rechentechnik in der Produktion , Betriebsführung und Planung auszubilden .",321
Bemerken,"Essigfrüchte zu beschweren 305 Fruchtsäfte 305 Gläser zum Einmachen 305 Gurken , worauf sich Kahm befindet , zu behandeln 306 Ingwer , trocknen , zu reinigen 305 Muskatnelken 304 Nachsehen 306 Reinlichkeit der Geräthe 303 Schwefeln der Gläser und Flaschen 307 Sorgfalt beim Zubinden der Töpfe und Gläser 304 Standort 306 Töpfe , Zubinden und Bemerken des Inhalts 306 Töpfe , das Oeffnen derselben 306 Zucker zu Confituren zu läutern 307 Aepfel einzumachen 332 Aepfel-Gelée 332 Aepfel-Marmelade 332 Aepfel zu trocknen 336 Ananas einzumachen ( zur Bowle ) 316 Ananas in Blechbüchsen einzumachen 316 Apfelsinenschale in Zucker 319 Aprikosen und Pfirsiche in Branntwein 308 Aprikosen , Pfirsiche und Reineclauden als Dunstfrüchte 317 Aprikosen in Zucker 317 Aprikosen in Zucker und Essig 318 Aprikosen- und Pfirsich-Marmelade 318 Birnen zum Dessert zu trocknen 336 zum Küchengebrauch zu trocknen 336 Senf-Birnen 332 in Zucker ( zugleich eine besänftigende Erquickung für Brustleidende ) 331 auf andere Art 332 Bohnen , grüne , in Zucker einzumachen 320 Salatbohnen , roh 342 in Essig 342 mit Salz einzumachen 341 mit Senf einzumachen 320 Salatböhnchen zu trocknen 343 Schneidbohnen abgekocht einzumachen 341 roh einzumachen 341 zu trocknen 342 Brombeeren einzumachen 323 Dreifrucht-Marmelade 315 Dreifrucht-Saft 315 Dunstfrüchte mit Zucker 310 ohne Zucker 309 Erbsen , junge , in Salz einzumachen 339 zu trocknen 339 Erdbeeren in Gläser einzumachen 311 mit Johannisbeersaft einzumachen 311 Marmelade 311 in Zucker einzumachen 310 Erdbeersaft für Kranke 311 Gemüse , junge , in Blechbüchsen einzumachen 337 Gurken , kleine Essig- 326 große Essig- 326 in Essig und Wasser einzumachen 326 geschälte und aufgekochte 327 wie ostindischen Mango einzumachen 328 süße Glasgurken 325 süße Glasgurken 325 Knoblauchgurken ( sogen. Teufelsgurken ) 327 Pfeffergurken 328 Riesen-Zuckergurken 325 Salzgurken 328 Senfgurken 327 Senfgurken 327 Zuckergurken No. 1 324 No. 2 324 No. 3 325 Gurken-Salat einzumachen 329 Gurken-Salat einzumachen 329 Heidelbeeren ( Wald- oder Blaubeeren ) in Flaschen einzumachen 321 mit Essig und Zucker 321 zu trocknen 337 ohne Zucker in Flaschen einzumachen 321 Himbeeren einzumachen 312 Essig ( 3 ) 313 Gelée 312 Marmelade 312 Saft 312 Ingwer , deutscher , von Kürbis No. 1 333 No. 2 334 Johannisbeeren einzumachen 313 Johannisbeer-Gelée No. 1 313 No. 2 314 rohe , No. 3 314 Johannisbeeren in Gläsern einzumachen 313 Johannisbeersaft 314 ausgegohrener 315 Johannisbeeren , schwarze , einzumachen 315 Gelée 315 Johannisbeertrauben , überzuckerte 313 Kandiren der eingemachten Früchte zu verhindern 308 Katharinenpflaumen , getrocknete französische in Cognac 309 Kirschäpfel einzumachen 333 Kirschäpfel-Gelée 333 Kirschen , süße schwarze , zu Compote und Kuchen 315 Kirschen als gutes Compote für Kranke 316 als Dunstfrüchte 315 in Franzbranntwein 308 in Gläsern einzumachen 315 Kirschen-Marmelade 316 Kohl , weißer ( Weißkraut )",1449
Bemerken,"Unter den Geschenken Hori’s — lauter Kleinigkeiten — befand sich eine Anzahl niedlicher Puppen , welche er mit dem Bemerken überreichte , sie stellten seine Kinder dar ; der Gesandte möge sie als Andenken an ihn und als Muster japanischer Trachten bewahren . —",1449
Bemerken,"Er las von No. 7 correct die ersten 4 bis 5 Worte ; dann gab er mir das Buch mit dem Bemerken zurück , dass er nicht weiter lesen könne .",1449
Bemerken,Bemerken wir nur mit welcher Rücksicht ihm die gerechtesten Beschwerden vorgetragen wurden .,1449
Bemerken,"Bemerken wir die Asiaten , so finden wir mehr Neigung zur Aristotelischen Behandlungsweise , wie es später bey den Arabern besonders auffällt .",1449
Bemerken,"Das Publikum wird hiervon mit dem Bemerken in Kenntniß gesetzt , daß nunmehr alle für einzelne Orte bestehenden separaten Preis-Ermäßigungen vom 1. Oktober c. ab allgemein aufhören .",1449
Bemerken,"Mit Bezug auf die im Amtsblatt der k. Regierung dieses Jahres , Stück 39 , Nr.334 , abgedruckte Bekanntmachung der Provinzial-Steuer-Direktion vom 20. v. M. wird der Anfang der Weinlese in hiesiger Stadt auf Montag den 16. Oktober d J. mit dem Bemerken festgesetzt , daß der zwanzigtägige Zeitraum , bis zu dessen Ablauf die Weingewinn-Anmeldungen spätestens erfolgen müssen , sofern nicht schon eine frühere Anmeldung gemäß der Bestimmung , daß solche am dritten Tage nach der Kelterung geschehen soll , erforderlich sein möchte , auch in diesem Jahre mit dem besagten Tage beginnt .",1449
Bemerken,"Bemerken wir noch , daß zur Beobachtung der Sonne eigene gefärbte Blendgläser bei a und b angebracht sind , die man aufwärts dreht , um das Gesicht gegen die Sonnenstrahlen durch diese Gläser zu schützen , die also auch für minder bellleuchtende Gegenstände wieder zurückgeschlagen werden .",1449
Bemerken,"Die Verlegung unseres Möbel-Magazins aus der Herzogstraße Nro. 7 nach Oben-Marspforten Nr. 7 , beehren wir uns Freunden und Gönnern mit dem Bemerken anzuzeigen , daß wir daselbst stets eine reichhaltig assortirte Niederlage jedweder Möbel , für deren solide und dauerhafte Arbeit wir garantiren , vorräthig halten , und die Einrichtung ganzer Häuser in kürzester Frist und zu reellen Preisen ausführen .",1449
Bemerken,"Es folgt deshalb zu diesem Zwecke nachstehendes Verzeichniß der namentlichen Abstimmungen , mit dem Bemerken , daß , da die Plenar-Sitzungen seit Ende September , nachdem in den Abtheilungen hinreichend vorgearbeitet war , erst wieder zahlreicher gehalten und seitdem zugleich , bei der Wichtigkeit der Beschlüsse , häufige namentliche Abstimmungen vorgekommen sind , dieses Verzeichniß mit dem 28. September beginnt , und bei jeder Sitzung zugleich bemerkt ist , ob Herr Steinbeck in derselben gefehlt hat oder anwesend war .",1449
Bemerken,"Wegen der Permanenz dieses Mark tes an jedem Montage des ganzen Jahres ist die Feststellung eines besondern Termines zum Beginne der Waidviehmärkte nicht erforderlich ; daher die niederländischen Kaufleute zum Bezuge desselben mit Waidvieh unter dem Bemerken hierdurch eingeladen werden , daß für alle Bequemlichkeiten des Handelsstandes gesorgt ist .",1449
Bemerken,"Wegen der Permanenz dieses Marktes an jedem Montage des ganzen Jahres ist die Feststellung eines besondern Termines zum Beginne der Waidviehmärkte nicht erforderlich ; daher die niederländischen Kaufleute zum Bezuge desselben mit Waidvieh unter dem Bemerken hierdurch eingeladen werden , daß für alle Bequemlichkeiten des Handelsäandes gesorgt ist .",1449
Bemerken,"Bemerken wir nur vorläufig , daß die Proudhonsche Bank mit 50,000 Fr. Einlagekapital zurücktreten muß vor der Milliarde !",1449
Bemerken,"Indem ich dasselbe untenstehend hierdurch zur Kenntniß bringe , fordere ich die Bürgerschaft gemäß §. 5 des Regulativs zur Selbsteinschätzung mit dem Bemerken auf , daß die Listen zum Einzeichnen vom 19. d. M. bis zum 2. April auf dem Büreau des Beigeordneten Herrn Küchen , von Morgens 10 bis 1 Uhr und Nachmittags von 3 bis 6 Uhr offen liegen .",1449
Bemerken,"Wegen der Permanenz dieses Marktes an jedem Montage des ganzen Jahres ist die Feststellung eines besondern Termines zum Beginne der Waidviehmärkte nicht erforderlich ; daher die niederländischen Kaufleute zum Bezuge desselben mit Waidvieh unter dem Bemerken hierdurch eingeladen werden , daß für alle Bequemlichkeiten des Handelsstandes gesorgt ist .",1449
Bemerken,"Bemerken wir zuerst , daß Vasari hier bereits in dem Gebiete florentinischer Traditionen angelangt war , in welchem er überhaupt am besten zu Hause ist .",1449
Bemerken,"Bemerken wir hierzu , dass die Gesammtheit der m-blättrigen Flächen mit w Verzweigungspuncten ein Continuum bildet , wie das Entsprechende betreffs der auf gegebener Fläche existirenden eindeutigen Functionen mit m Unendlichkeitspuncten bereits in §. 13 hervorgehoben wurde .",1449
Bemerken,"Bemerken wir nun , dass das Verhältniss der homologen Beschleunigungen [Formel] ist , so finden wir [Formel] , und das Verhältniss der homologen Zeiten , also auch der Schwingungszeiten , [Formel] . Es ergibt sich also die Unabhängigkeit der Schwingungsdauer von der Schwingungsweite .",1449
Bemerken,"Worauf aber der Herr Principal mit dem Bemerken erwiderte , die moderne Bildhauerkunst sei auf den Glauben an die Unsterblichkeit der Seele begründet .",1449
Bemerken,"Es wird diese Maßnahme mit dem Bemerken zur allgemeinen Kenntniß gebracht , daß der Zinssatz von 10 pCt. mit dem 1. September d. J. für die von da ab zum Versatz kommenden Pfänder in Anwendung kommen soll .",1449
Bemerken,"Bemerken muß ich noch , daß die Herzogin beim Einrücken der Alliirten in Paris , dem ersten Kosaken hinten aufs Pferd sprang und frohlockend über den Sturz Napoleons , die ganze Parade der Truppen mitmachte .",1449
Bemerken,"In dem Kreise des täglichen Bedürfnisses , scheint das Gefühl für Wärme und Kälte dem Gangliensysteme vorzüglich zuzukommen , so wie die Erscheinungen des sogenannten Gemeingefühles , z. B. das Bemerken eines nahen Gegenstandes im Dunklen , das kitzelnde Gefühl auf der Haut eines Schlafenden , wenn sich ihm ein Anderer mit der Hand nähert , die Erscheinungen der Sympathie und Antipathie .",1449
Bemerken,"Der Major hört ihn zwar an , versichert aber unter Achselzucken : es sei schlimm , der Cunerth habe das Militär durch einen Artikel in der Silesia sehr gereizt , seine Ehre verletzt u. s. w. Als der Gastwirth ihm bemerklich macht , daß er auch Soldat gewesen , daß es aber zu seiner Zeit den Soldaten nicht erlaubt gewesen sei , denjenigen zu ermorden , der etwas geschrieben , was ihnen nicht gefallen habe , so entläßt er ihn mit dem Bemerken , er werde thun , was möglich sei ; indeß geschieht nicht das Geringste zur Verhütung des beabsichtigten Mordversuches .",1449
Bemerken,"„ Ich hatte zum Glück in meiner Schürzentasche einen Thaler , da ich mir eben Etwas wollte holen lassen — den gab ich dem Mädchen mit dem Bemerken , daß ich nächstens zur kranken Mutter kommen würde .",1449
Bemerken,"Unterzeichneter empfiehlt den geehrten Gartenfreunden seine Vorräthe ächter frischer und bester Garten-Sämereien , Obstbäumen etc. etc. nach beiliegendem Verzeichniß , mit dem ergebensten Bemerken , daß diese Verzeichnisse auf frankirte Zuschriften , gratis und franco bei mir zu haben sind .",1449
Bemerken,"Es gelte darauf zu achten , daß das Verbrennen von Rückständen und anderweitige Abbrennarbeiten unterbunden werden , in Wäldern das Rauchen und Feueramzünden unterbleibt , Löschwasserentnahmestellen ständig einsatzbereit sind und beim Bemerken eines Brandes unverzüglich die Feuerwehr benachrichtigt Wird .",1449
Bemerken,"Aber auch sein dortiger Arbeitgeber wies seine Handarbeit mit dem Bemerken zurück , die Thuringer Glasindustrie , deren Arbeiter am Hungertuche nagten , liefere die benötigten Erzeugnisse wesentlich billiger .",1449
Bemerken,"Einen amerikanischen Versuch , Persien durch eine Dollaranleihe zu ködern , lehnte die Regierung mit dem Bemerken ab :",1449
Bemerken,"Ernsthafte Hinweise auf die Unmöglichkeit der Durchführung einer solchen Form der Kritik und Selbstkritik durch Vertreter des Sekretariats und der Abt. Parteischulung wurden nicht beachtet und mit dem Bemerken abgetan , daß jede Kritik dagegen nur Ausdruck der unbewußten Elemente in unserer Partei sei .",1449
Bemerken,"Ein Antrag , der von der Karl-Liebknecht-Grube mit meiner Befürwortung im Jahre 1948 an die Hauptverwaltung Kohle gestellt wurde , ist mit dem Bemerken abgelehnt worden , daß die Erstellung eines Kulturraumes nicht mehr notwendig sei , da in absehbarer Zeit der Bergbau in Oelsnitz sowieso zum Erliegen komme .",1449
Bemerken,"Selbstverständlich bittet er um ein Rendezvous mit dem Bemerken , daß der Finder des Täschchens der Mann ist , der sie seit einiger Zeit mit seiner Liebe verfolgt .",1449
Bemerken,Wetterlage : Die Luftdruckvcrteiltmg über IHtMeuropa zeigt zwar noch immer keine bemerk Änderung . jedoch werden sich wieder Aufheiterung,1449
Bemerken,"Der französische Ministerpräsident Faure hat sich in einem Interview mit der amerikanischen Zeitschrift „ US News and World Report "" erneut für Viermächteverhandlungen und für die Anerkennung Volkschinas mit dem Bemerken ausgesprochen , daß dies von „ allen Westmächten "" gemeinsam geschehen müsse .",1449
Bemerken,"Höchst aufschlußreich ist auch die Reaktion solch übler Kriegshetzerblätter wie die des Westberliner „ Tagesspiegel "" , der höchst befriedigt in seinen Spalten die Szene registriert , als Fette während des Kongresses der Opposition , die dort eine Behandlung der Remilitarisierung forderte , das Wort mit dem Bemerken abschnitt :",1449
Bemerken,"Wemin jemand , der „ zur Tagesordnung "" um das Wort gebeten hatte , über den Verhandlungsgegenstand selbst zu sprechen begann , um wenigstens eine Minute über die Sprechzeit hinaus herauszuschlagen , unterbrach Wladimir Iljitsch mit dem Bemerken :",1449
Bemerken,Trotz schnellen Handelns von Schutzpolizei und Feuerwehr nach Bemerken des Brandes konnten zwei Personen nur noch tot geborgen werden .,1449
Bemerken,"Hierauf verließ er die Leitungssitzung mit dem Bemerken , er habe keine Zeit mehr",1449
Bemerken,"In dem Retrieb Motor Woißenfels "" wurde uns erklärt , daß der DHZ Langschäfter für Damen und Herron anr^ boten wurden , die von der DHZ mit dem Bemerken abgelehnt wurden , daü hierfür kein Interesse vorliegt Dabei ist allaemein bekannt , daß die HO bisher überhaupt nicht in der Lage war , derartige Artikel anzubieten , obwohl besonders bei der ländlichen Bevölkerung eine große Nachfrage laufend besteht .",1449
Bemerken,"Sie wurde dort an der Tür abgefertigt mit dem Bemerken , Herr Sperling sei nicht zu Hause , er hätte mit diesem Bericht überhaupt nichts zu tun usw .",1449
Bemerken,Danach hat John Frau Hahn um einen weiteren Kredit von mehreren tausend Mark mit dem Bemerken gebeten :,1449
Bemerken,"Schlüssel zurück mit dem Bemerken , daß sie keinen Wert auf die Benutzung des Ladens legt .",1449
Bemerken,"Bemerken Sie die vier kostbaren Ringe , die ich an jedem Finger trage ? —",1449
Bemerken,"Sie schickte einen Traktoristen von Hof zu Hof , ließ ihn Vertragsformulare austeilen mit dem Bemerken , daß diese am Abend ausgefüllt wieder abgeholt wurden .",1449
Bemerken,"Seine Mitteilung , er habe den Vorsitzenden des Staatsrates der DDR auch nach Bremen eingeladen , wenn er der BRD einen Besuch abstattet , ergänzte Wedemeier mit dem Bemerken , daß noch kein Termin zwischen den beiden Regierungen vereinbart worden sei .",1449
Bemerken,"Zur Irreführung der Öffentlichkeit geschieht das mit dem Bemerken , daß » deutsche Interessen "" nicht verletzt werden dürften .",1449
Bemerken,"Dort händigte man mir die M-31-Scheine aus , mit dem Bemerken , sie vom Kreis unterschreiben zu lassen .",1449
Bemerken,"So wurde z. B. dem Lehrer Habermann in Grabow Viel Ludwigslusl in Mecklenburg die Zulassung seiner Tochter für die Oberschule verweigert , mit dem Bemerken , der vorgesehene Prozentsatz von Schülern an Arbeiter- und Bauernkindern gestatte nicht die Zulassung seiner Tochter zur Oberschule , da sie nicht zu einer dieser Gruppen gehöre .",1449
Bemerken,"Dafür hatte sich Barzel in einer Rede mit dem Bemerken ausgesprochen , CDU und CSU dürften sich „ programmatisch nicht so auseinanderleben , daß eine gemeinsame Fraktion unmöglich werde",1449
Bemerken,"An alle Werktätigen w rd appelliert , durch Ihr Verhalten Brinden vorzubeugen , beim Bemerken eines Brandes schnellstens die Feuerwehr zu alarmleren und Löschmaßnahmen einzuleiten .",1449
Bemerken,"Die westdeutsche Beschwerde über eine Verletzung der Menschenrechte an der Saar ist Vom Hauptausschuß der sogenannten beratenden Versammlung des Europarates mit dem Bemerken zurückgewiesen worden , es sei angeblich zur Zeit „ politisch nicht opportun "" , diese Frage zu behandeln , da direkte Besprechungen zwischen Westdeutschland und Frankreich über die Saarfrage stattfinden .",1449
eintreten,Bei der Anwendung der Gleichungen ( IV ) und ( V ) können vier Fälle eintreten : 1tens .,969
eintreten,"Es ist hier abgesehn worden von den Abenteuern der Cirkulation , wodurch ein Kapitalist ein Stück vom Mehrwerth und selbst vom Kapital des andren an sich reisst , und daher eine einseitige Akkumulation und Centralisation sowohl für Geldkapital wie produktives Kapital eintritt .",969
eintreten,"„ Als Velazquez in sein Haus eintrat , empfingen ihn die Seinigen , Frau und Freunde , mit mehr Entsetzen als Freude , es hatte sich nämlich in der Residenz die Nachricht von seinem Tode verbreitet , also dass sie ihren Augen nicht trauten : das war wie es scheint eine Vorbedeutung der kurzen Zeit die ihm noch zu leben beschieden war . “",969
eintreten,"Dazu kam noch , daß sie schon heute früh mit Charlotten über Ottilien gesprochen und den Aufenthalt dieses Kindes auf dem Lande , besonders bey seiner stillen Gemüthsart , nicht gebilligt und den Vorschlag gethan hatte , Ottilien in die Stadt zu einer Freundinn zu bringen , die sehr viel an die Erziehung ihrer einzigen Tochter wende , und sich nur nach einer gutartigen Gespielinn umsehe , die an die zweyte Kindesstatt eintreten und alle Vortheile mitgenießen solle .",969
eintreten,"Die in erster Linie einzusegnenden Tiere sind genau dieselben , in die gestorbene Baris eintreten , und die Baris verwandeln sich nach ihrem Tode in die Tiere , die als bestes Wildpret geschätzt sind !",969
eintreten,"Als ich eintrat , diskutirte man über den Tag der Manifestation für Polen ; er wurde nach langen Debatten auf den 15. fixirt .",969
eintreten,"Der Forstwirth reduciert also die Artenzahl eines Naturwaldes mit Hülfe der Axt und anderer Mittel , gleichwie durch fortgesetzte Düngung und Pflege eine Verarmung der Flora einer Wiese eintritt , indem zwischen zahlreichen und buntgemischten Gräsern und Kräutern das bisherige Gleichgewicht gestört und eine ungleiche Förderung der Entwickelung eingeführt wird , bei der die schwächeren Bestandtheile zu Grunde gehen .",969
eintreten,"Demnach erfahren alle Theile um a einen gleichen Druck ; dasselbe muss aber auch bei b Statt finden ; denn würde z. B. der Theil b nach der Richtung c b stärker als nach der Richtung a b gedrückt , so würde er vermöge seiner Beweglichkeit dem stärkeren Drucke folgen ; es müsste daher eine Bewegung eintreten , was dem angenommenen Gleichgewichte oder der Ruhe der Flüssigkeit widerspricht .",969
eintreten,"— Die Wiederkehr der Menstrualperiode hat keinen oder einen gering steigernden Einfluss in den Zeiten , in welchen sie nicht gerade eingetreten ist ; während der bestehenden Menstrualblutung ist dagegen der Caseingehalt immer verändert , aber bald in auf- und bald in absteigender Linie .",969
eintreten,"Er selbst war vor Allem in das Zimmer seiner Tochter eingetreten , um sie zu begrüßen .",969
eintreten,"Die einfachen Grundsätze dafür sind unzweifelhaft die des französischen Rechts , nach welchem bei den gesetzlichen Erben überhaupt keine Verlassenschaftspflege eintritt , während die Fälle dieses Eintretens genau bestimmt sind .",969
eintreten,"— Da blickte der Spanier dieses Ebenbild der Leiche mit dem alten Grausen an , womit er es bisher heimlich für den finstern Geist selber gehalten , murmelte Albano ins Ohr : sieh , dieses Wesen weiß es “ und sagte zur Entchsuldigung der Wahrheiten : „ die Sonne ist noch nicht untergegangen “ und eilte , ohne auf Menschen-Bitten zu hören , deren Kraft ihm nie bekannt geworden , ohne Leid und Freud davon , um noch vor Sonnenuntergang ins nahe Karthäuser-Kloster einzutreten .",969
eintreten,"Da aber auf beiden Seiten von s die Intensität des rothen Lichtes langsamer abnahm als diejenige des gelben , grünen u. s. w. , so dass für Roth erst bei einem von s entfernteren Punkte Dunkel eintrat , so wird etwa bei r ( zwischen s und r ) ein gelbrother , bei r ? ein violetter Farbenton auftreten , dieser wird jenseits r ? zunächst durch blau in weiss übergehen , worauf wieder roth kommt , u. s. w. Es müssen so rechts und links von s neben einander Spektren , Interferenzspektren , entworfen werden , welche jedoch bei weitem nicht die Reinheit des durch ein Prisma entworfenen Spektrums besitzen , indem immer noch beträchtliche Mischungen von Farben verschiedener Helligkeit an den einzelnen Stellen stattfinden .",969
eintreten,"Ob das eine oder andere eintritt , ob eine oder mehrere Baumarten die Hauptmasse des Waldes bilden , scheint allzusehr von örtlichen Einflüssen abzuhängen , als dass ein dauernder Bestand in der Landesphysiognomie damit verbunden sein könnte ; jedenfalls strebt die Natur nach Wechseln , und es ist ebenso wahrscheinlich , dass ein gemischter Bestand seine Hauptarten an den einzelnen Stellen wechseln lässt , als dass bald diese bald jene Art vorübergehend zur Vorherrschaft gelangt , als dass endlich ein Wald eines Schlages nach Erschöpfung in sich selbst nun durch einen ganz anderen Schlag abgelöst wird .",969
eintreten,"Kraps ( zur Mitte eintretend , bringt einen dreieckigen Hut und Hirschfänger mit Gehänge ) .",969
eintreten,"Nur wenn die Wirklichkeit sprachlich abgebildet werden sollte , konnten solche Unterschiede in die Sprache eintreten . —",969
eintreten,"In diesem Zeitalter der praktischen Wirklichkeit freilich , in welches Japan jetzt eingetreten ist , dürfte es dieser krankhaften Erscheinung genau so gehen wie auch den epidemischen Krankheiten der Cholera und der Pocken :",969
eintreten,"Mit einem Worte , das Haus , in das ich eintrete , muß noch ein Gewissen haben , wenn auch vielleicht ein tiefverschüttetes .",969
eintreten,"Eine solche Vereinfachung ist möglich , wenn man , wie bei den nachfolgend beschriebenen Ofensystemen , die Gase mit der aus dem Generator mitgenommenen Wärme , also mit einer Temperatur , welche durchschnittlich 350°C . betragen dürfte , nicht selten aber noch höher ist , in den Ofen eintreten lässt und sich darauf beschränkt , die Verbrennungsluft vorzuwärmen .",969
eintreten,"Werden Reichsgesetze in einem Bundesstaat verletzt , so kann das Reich der Regel nach keine unmittelbare Remedur eintreten lassen , sondern es kann nur den Staat anhalten , das Reichsgesetz zu beachten oder zu vollziehen .",969
eintreten,"Bei den Menschen möchte es noch lange dauern , bis gleiche Verhältnisse eintreten .",969
eintreten,"Die Artillerie zog ungehindert hinüber ; die Kavallerie mußte absitzen und die Pferde hinüberführen ; dies geschah mit solcher Schnelligkeit und Präcision , daß kaum eine Stockung eintrat .",969
eintreten,"Veränderungen der Gesetzgebung , welche im Laufe der Schutzfrist eintreten , haben , sofern sie die Dauer der Schutzfristen verlängern , sofort die Erstreckung der noch laufenden Frist auf die verlängerte Dauer zur Folge .",969
eintreten,"Nach der Innigkeit des Ausdrucks betrachtet , ist nun dieser Styl ächt malerisch , wie der sienesische , dem er entspricht ; nach der Weichheit und Rundung der Form aber ist er zugleich plastisch und die letztere Seite kehrt sich , wenn man ihn als Glied in der deutschen Kunstgeschichte faßt , hervor , weil hier sofort das Malerische in der äußersten Schärfe eintritt .",969
eintreten,"Ein unangenehmer Bestandtheil ist Bleiglanz , indem selbst bei länger fortgesetzter Röstung , wobei leicht Sinterung eintritt , das Blei beim demnächstigen Schmelzen weniger in die Schlacke , als in den Stein geht .",969
eintreten,"Das dürfte •cm Sitz des IOC In Lausanne einigermaßen verblüffen , well Willi Daume dort am 8. Dezember für den Vorschlag eintrat .",969
eintreten,"In einer ResDlution an den Kongreß der Sozi alistischen Jugend wird die SPD-Führung zu Sofortmaßnahmen geg en die Ratifizierung der Kriegsverträge aufgefordert Auf einer Ko nferenz zahlreicher Funktionäre und aktiver Mitglieder der SPD n Wuppertal wurden Maßnahmen zum Sturz der Adenauer-Regieru na und zur Schaffung einer westdeutschen Regierung beschlossen , die für gesamtdeutsche Verständigung und einen Friedensvertrag für ganz Deutschland eintritt .",969
eintreten,"Täglich Livio - dai Schützen Sie Ihre Haut vor Schäd die durch Staub , Schmutz und Witterungseinfl sse ständig unbemerkt eintreten .",969
eintreten,Zweitens ist nach den Wahlen vom 4. September eine Veränderung im Kräfteverhältnis zugunsten der unidad Populär eingetreten .,969
eintreten,"Julius Lehlbach , der engagiert für die Beseitigung chemischer Waffen eintritt , wird in der DDR Gespräche mit Vertretern der Friedensbewegung aus verschiedenen Schichten der Bevölkerung führen .",969
eintreten,"„ Das macht es notwendig "" , heißt es weiter , „ heute gemeinsam für Frieden und Abrüstung , für die Verteidigung demokratischer Rechte , für die Bestrafung von Naziverbrechen und Völkermord und das Verbot neofaschistischer Aktivitäten und Organisationen einzutreten .",969
eintreten,"Er versprach dem TUC Rückhalt in seinem Bestreben , die Antigewerkschaftsgesetzgebung der Tory-Regierung zu> bekämpfen und für Neuwahlen des Parlaments- vor einer EWG-Beitritts-  entscheidung einzutreten .",969
eintreten,"Der Betrachten wird eingeladen , mit den Augen in die Bilder einzutreten .",969
eintreten,"Der Bundeshauptausschuß der Grünen hat am Wochenende die Bevölkerung der BRD aufgerufen , . für ein „ bedingungsloses Nein "" zur Stationierung neuer US-amerikanischer Raketenkernwaffen in der BRD einzutreten .",969
eintreten,Man müßte miteinander verhandeln und dann eines Tages gemeinsam In die UNO eintreten .,969
eintreten,"Was uns im Dezember auf dieser Seite ein Meteorologe aus Potsdam prophezeite , ist also tatsächlich eingetreten : ein Winter , der keiner war .",969
eintreten,"Als weitere Partner sorgen die Theater in Rostock und Greifswald mit ihrem Repertoire sowie diie Fritz-iReuter-Bühne Schwerin mit vielgefragten niederdeutschen Theatervorstellungen , ierner die Konzert- und Gastspieldirektion und einige Amateurensembles dafür , daß auf der kleinen Insel- Bühne keine Flaute eintritt .",969
eintreten,Wir wissen sehr gut . daß Dr. Dieckmann für eine gute Sache eingetreten ist .,969
eintreten,"Die Bezirksleitung der IG Metall wurde beauftragt , für die Erfüllung dieser Forderung einzutreten und jeden Versuch abzulehnen , die Metallarbeiterschaft dadurch zu spalten , daß nur einem Teil der Arbeiter eine Lohnerhöhung zugestanden wird .",969
eintreten,"Während sich 1975 im KKW Nord ein damals nicht gemeldeter Brand ereignet habe , sei seit Produktionsaufnahme 1973 kein Störfall eingetreten , der zu einer Überschreitung der Interventionsgrenzwerte geführt habe .",969
eintreten,"Pastor Niemöller hat es gewagt , trotz seiner Gegnerschaft zu den Auffassungen der fortschrittlichen Kräfte Deutschlands in anderen Fragen und trotz zahlreicher falscher Schlußfolgerungen aus seiner Erkenntnis der Gefahr , die Deutschland vom amerikanischen Imperialismus droht , vom Frieden auf Erden in christlicher Verantwortung zu predigen und offen und ehrlich für ihn einzutreten .",969
eintreten,"wo große Anstrengungen zum Aufholen von Rückständen in der Kohlestift- und der Elektrodcnfabrik gemacht werden , die durch Lieferausfälle eintraten : die Silitfabnk hat ihr Programm übererfüllt und die Bürstenfabrik dieses Betriebes erfüllte die Exportpflichten im wesentlichen .",969
eintreten,"Denn sie entwickelt sich nur dort , wo die Werktätigen wissen , daß der Staat ihr Staat ist und es sich aus diesem Grunde lohnt , für ihn und seine Stärkung und Festigung einzutreten .",969
eintreten,"Sie sind offensichtlich immer noch nicht willens , auf Österreich als Alpenfestung der NATO zu verzichten und für die Neutralität des Landes einzutreten .",969
eintreten,Mit dieser beispiellosen wissenschaftlichen Tat der sowjetischen Astronautik und Raketentechnik ist die astronomische Forschung in eine neue Etappe eingetreten .,969
eintreten,"Sonst könnte der Zeitpunkt eintreten , an dem die Gewerkschaftsmitglieder nicht mehr so diszipliniert antreten wurden .",969
eintreten,"Der italienische Staatspräsident Francesco Cossiga hat gestern mit den Konsultationen zur Lösung der Regierungskrise begonnen , die durch das Rücktrittsgesuch von Ministerpräsident Bettino Craxi nach einer Abstimmungsniederlage eingetreten war .",969
eintreten,"Ich vertraue darauf , daß unsere Regierung auch weiterhin mit gleicher Ausdauer und Energie für Verständigung und Annäherung in Verhandlungen eintreten wird .",969
eintreten,"Chiles , das ist auch Lateinamerika , das gegen die USA-Herrschaft opponiert Und die westliche Welt , das sind doch auch solche bürgerlichen Politiker und Wissenschaftler wie die Göttinger Professoren , wie Linus Pauling , wie britische Abgeordnete , die friedliche Koexistenz wollen , wie Cyrus Eaton in USA . der für Verständigung eintritt .",969
eintreten,"Die Gesprächspartner stellten mit Befriedigung fest , daß im Ergebnis der Besuche Erich Honeckers in der Volksrepublik China und Zhao Ziyangs in der DDR die wirtschaftliche und wissenschaftlich-technische Zusammenarbeit zwischen beiden Ländern in eine neue Etappe eingetreten ist und sich erfolgreich entwickelt .",969
erlauben,Ich erlaube mir dagegen folgendes Faktum zur Oeffentlichkeit zu bringen .,975
erlauben,Ich erlaube mir dagegen folgendes Faktum zur Oeffentlichkeit zu bringen .,1350
erlauben,"Dem Abt war bereits gemeldet worden , welch einen Frevel der Klostermaier sich an der Herzogin Mann erlaubt .",975
erlauben,"Dem Abt war bereits gemeldet worden , welch einen Frevel der Klostermaier sich an der Herzogin Mann erlaubt .",1350
erlauben,"Schützt der Jagdpächter , dieser Aufforderung ungeachtet , die beschädigten Grundstücke nicht genügend , so kann der Landrat den Grundbesitzern selbst die Genehmigung erteilen , das auf diese Grundstücke übertretende Wild auf jede erlaubte Weise zu fangen , namentlich auch mit Anwendung des Schiessgewehres zu töten .",977
erlauben,"Ein dünner Kürbißbrei , der aber nur warm genossen werden darf , muß den Durst stillen , und geröstete Pisangfrüchte sind die einzige Nahrung , welche ihm während dieser Zeit erlaubt ist .",975
erlauben,"Ein dünner Kürbißbrei , der aber nur warm genossen werden darf , muß den Durst stillen , und geröstete Pisangfrüchte sind die einzige Nahrung , welche ihm während dieser Zeit erlaubt ist .",1350
erlauben,„ Was erlaubten Sie sich soeben zu sagen ? “,975
erlauben,„ Was erlaubten Sie sich soeben zu sagen ? “,1350
erlauben,"Wenn es neben den unzähligen Ackerwerkzeugen des Landwirths allerdings auch einen Waldpflug giebt , so wird dieser doch nur in wenigen Fällen angewendet und der meist von starken Wurzeln durchflochtene , steinige oder sogar felsige Waldboden erlaubt meist nur der Hacke und dem Spaten den Zugang .",975
erlauben,"Wenn es neben den unzähligen Ackerwerkzeugen des Landwirths allerdings auch einen Waldpflug giebt , so wird dieser doch nur in wenigen Fällen angewendet und der meist von starken Wurzeln durchflochtene , steinige oder sogar felsige Waldboden erlaubt meist nur der Hacke und dem Spaten den Zugang .",1350
erlauben,"So fremdartig und unerquicklich zwischen der nationalen Arroganz des Hausherrn , der steifen Würde der Hausfrau und der prätentiösen Unnahbarkeit der Tochter ihn die ersten Stunden seines Aufenthaltes anmutheten , so erlaubte ihm doch die Ehrfurcht vor allem Menschlichen noch keine Voreingenommenheit gegen diese Personen .",975
erlauben,"So fremdartig und unerquicklich zwischen der nationalen Arroganz des Hausherrn , der steifen Würde der Hausfrau und der prätentiösen Unnahbarkeit der Tochter ihn die ersten Stunden seines Aufenthaltes anmutheten , so erlaubte ihm doch die Ehrfurcht vor allem Menschlichen noch keine Voreingenommenheit gegen diese Personen .",1350
erlauben,"„ Aerztliche Verordnung ! “ brummt der Weise und lächelt herauf zu mir , so gut es Würde und Hypochondrie erlauben .",975
erlauben,"„ Aerztliche Verordnung ! “ brummt der Weise und lächelt herauf zu mir , so gut es Würde und Hypochondrie erlauben .",1350
erlauben,"Und warum soll dieses Gleichniß , womit der H. Johannes sich vertheidigte , wenn er sich eine Spielstunde mit seinem zahmen Rebhuhne erlaubte , nicht Kinder entschuldigen , daß sie auch Kinder werden , wenn sie vorher den noch dünnen Bogen zu krumm angezogen haben ? —",975
erlauben,"Und warum soll dieses Gleichniß , womit der H. Johannes sich vertheidigte , wenn er sich eine Spielstunde mit seinem zahmen Rebhuhne erlaubte , nicht Kinder entschuldigen , daß sie auch Kinder werden , wenn sie vorher den noch dünnen Bogen zu krumm angezogen haben ? —",1350
erlauben,"Ich beschloß durch eine ausgezeichnete Galanterie jetzt ihr Herz zu bestürmen , was ich mir um so eher , und mit gutem Gewissen erlauben durfte , da ich nie andre als redliche Absichten hege .",975
erlauben,"Ich beschloß durch eine ausgezeichnete Galanterie jetzt ihr Herz zu bestürmen , was ich mir um so eher , und mit gutem Gewissen erlauben durfte , da ich nie andre als redliche Absichten hege .",1350
erlauben,"Also überall finden wir bei Polyklet Darstellungen , welche die reinste körperliche Schönheit in durchaus selbstständiger Weise zu entfalten erlauben , nicht dieselbe einer rein geistigen Idee unterzuordnen verlangen .",975
erlauben,"Also überall finden wir bei Polyklet Darstellungen , welche die reinste körperliche Schönheit in durchaus selbstständiger Weise zu entfalten erlauben , nicht dieselbe einer rein geistigen Idee unterzuordnen verlangen .",1350
erlauben,"Da ich jetzt vollendet habe , was mir , bei der Uebersicht meines ganzen Plans im Vorigen ( S. S. 100 — 105 ) nur allein noch übrig zu bleiben schien ; so habe ich nunmehr die vorliegende Frage in aller der Vollständigkeit und Genauigkeit beantwortet , welche mir meine Kräfte erlaubten .",975
erlauben,"Da ich jetzt vollendet habe , was mir , bei der Uebersicht meines ganzen Plans im Vorigen ( S. S. 100 — 105 ) nur allein noch übrig zu bleiben schien ; so habe ich nunmehr die vorliegende Frage in aller der Vollständigkeit und Genauigkeit beantwortet , welche mir meine Kräfte erlaubten .",1350
erlauben,"„ Ich habe Hume stets , sowohl während seines Lebens wie nach seinem Tode so nahe dem Ideal eines vollkommen weisen und tugendhaften Mannes betrachtet , als die Schwäche der menschlichen Natur erlaubt . “",975
erlauben,"„ Ich habe Hume stets , sowohl während seines Lebens wie nach seinem Tode so nahe dem Ideal eines vollkommen weisen und tugendhaften Mannes betrachtet , als die Schwäche der menschlichen Natur erlaubt . “",1350
erlauben,"Indem sie also die großen Mächte tödlich reizte , drückte sie ihnen zugleich eine furchtbare Waffe in die Hand : sie erlaubte dem Könige , der ohne ihre Genehmigung das Land nicht verlassen durfte , nach Laibach zu reisen , nur sollte er zuvor die schon zweimal beschworene Verfassung zum dritten male eidlich bekräftigen .",975
erlauben,"Indem sie also die großen Mächte tödlich reizte , drückte sie ihnen zugleich eine furchtbare Waffe in die Hand : sie erlaubte dem Könige , der ohne ihre Genehmigung das Land nicht verlassen durfte , nach Laibach zu reisen , nur sollte er zuvor die schon zweimal beschworene Verfassung zum dritten male eidlich bekräftigen .",1350
erlauben,"Die Maas ist hier ein breites majestätisches Gewässer , das die schwersten Schiffe in die Kanäle einführt — der Hafen von Amsterdam erlaubt das bekanntlich nicht , sie müssen an dem Pampus erleichtert werden , weil er zu seicht ist , geladene Schiffe zu tragen .",975
erlauben,"Die Maas ist hier ein breites majestätisches Gewässer , das die schwersten Schiffe in die Kanäle einführt — der Hafen von Amsterdam erlaubt das bekanntlich nicht , sie müssen an dem Pampus erleichtert werden , weil er zu seicht ist , geladene Schiffe zu tragen .",1350
erlauben,"Dem Fahneneid zufolge sollten wir dem Könige ein Jahr lang zu Wasser und zu Lande dienen ; aus Gnaden erlaube man uns , nebenbei Kollegia zu hören ; dies sei also eine Zeitersparniß , für die wir alle Tage dem Hauptmann und dem Feldwebel danken sollten .",975
erlauben,"Dem Fahneneid zufolge sollten wir dem Könige ein Jahr lang zu Wasser und zu Lande dienen ; aus Gnaden erlaube man uns , nebenbei Kollegia zu hören ; dies sei also eine Zeitersparniß , für die wir alle Tage dem Hauptmann und dem Feldwebel danken sollten .",1350
erlauben,"Man hätte mit Schaufeln Erde auf das Feuer werfen können ; aber die Hize erlaubte nicht , sich so weit zu nähern , daß man mit Werfen das Feuer hätte erreichen können .",975
erlauben,"Man hätte mit Schaufeln Erde auf das Feuer werfen können ; aber die Hize erlaubte nicht , sich so weit zu nähern , daß man mit Werfen das Feuer hätte erreichen können .",1350
erlauben,Blos nach der Geburt eines Kindes sind ihnen auf acht Tage Karten-und Würfelspiele ausdrücklich erlaubt .,975
erlauben,Blos nach der Geburt eines Kindes sind ihnen auf acht Tage Karten-und Würfelspiele ausdrücklich erlaubt .,1350
erlauben,"Es ist selbstverständlich , daß auch jedes andere erlaubte Mittel , um von der Thätigkeit der Bundesregierungen zur Ausführung der Reichsgesetze Kenntniß zu erlangen , neben der Berichterstattung anwendbar ist .",977
erlauben,"Jhre ganze Gestaltung bindet sie an den Boden und erlaubt ihnen blos ein leichtes Ersteigen von Felswänden , nicht aber auch ein schnelles Erklettern von Bäumen .",975
erlauben,"Jhre ganze Gestaltung bindet sie an den Boden und erlaubt ihnen blos ein leichtes Ersteigen von Felswänden , nicht aber auch ein schnelles Erklettern von Bäumen .",1350
erlauben,Das Wollschwarz erlaubt ein Nüancieren mit andern sauren Farbstoffen .,975
erlauben,Das Wollschwarz erlaubt ein Nüancieren mit andern sauren Farbstoffen .,1350
erlauben,"Der Bericht sei übrigens fertig ; der Berichterstatter , der auch während der Pfingst-Feiertage nicht unthätig gewesen , werde ihn , wenn seine Gesundheit es erlaube , am Dienstag vorlegen .",975
erlauben,"Der Bericht sei übrigens fertig ; der Berichterstatter , der auch während der Pfingst-Feiertage nicht unthätig gewesen , werde ihn , wenn seine Gesundheit es erlaube , am Dienstag vorlegen .",1350
erlauben,"Der Präsident , der nicht die Spur von parlamentarischem Takt zu haben scheint , erlaubt Hrn. R. Benedix seinen Antrag zu stellen ; er stellte hiermit sich und der Versammlung das testimonium paupertatis aus , denn stillschweigend bekundete er im Namen der Versammlung durch die Annahme des Benedixschen Antrages die Unfähigkeit derselben , die Wichtigkeit der Diskussion über den fraglichen Gegenstand zu erkennen .",975
erlauben,"Der Präsident , der nicht die Spur von parlamentarischem Takt zu haben scheint , erlaubt Hrn. R. Benedix seinen Antrag zu stellen ; er stellte hiermit sich und der Versammlung das testimonium paupertatis aus , denn stillschweigend bekundete er im Namen der Versammlung durch die Annahme des Benedixschen Antrages die Unfähigkeit derselben , die Wichtigkeit der Diskussion über den fraglichen Gegenstand zu erkennen .",1350
erlauben,"Die Braut erlaubt es ihr , weil das Kleid so schön war , und sie noch keins so hatte .",975
erlauben,"Die Braut erlaubt es ihr , weil das Kleid so schön war , und sie noch keins so hatte .",1350
erlauben,"In Frankfurt , wie in mehrern alten Städten , hatte man bey Aufführung hölzerner Gebäude , um Platz zu gewinnen , sich erlaubt , nicht allein mit dem ersten , sondern auch mit den folgenden Stocken überzubauen ; wodurch denn freylich besonders enge Straßen etwas Düsteres und Aengstliches bekamen .",975
erlauben,"In Frankfurt , wie in mehrern alten Städten , hatte man bey Aufführung hölzerner Gebäude , um Platz zu gewinnen , sich erlaubt , nicht allein mit dem ersten , sondern auch mit den folgenden Stocken überzubauen ; wodurch denn freylich besonders enge Straßen etwas Düsteres und Aengstliches bekamen .",1350
erlauben,"Die Vorwärts- Vertretung konnte es sich nun sogar erlauben , die Zügel etwas schleifen zu lassen .",975
erlauben,"Die Vorwärts- Vertretung konnte es sich nun sogar erlauben , die Zügel etwas schleifen zu lassen .",1350
erlauben,"Aber ich hoffe , daß Sie mir erlauben , eine Szene zu beschreiben .",975
erlauben,"Aber ich hoffe , daß Sie mir erlauben , eine Szene zu beschreiben .",1350
erlauben,Denn das sind die Fundamente für eine Brücker die geregelte und normale Beziehungen erlaubt und fördert .,975
erlauben,Denn das sind die Fundamente für eine Brücker die geregelte und normale Beziehungen erlaubt und fördert .,1350
erlauben,"Sie erlauben eine Massenanfertigung in riesiger Stückzahl , die natürlich entsprechend rentabler gestaltet werden kann .",977
erlauben,"In diesem Augenblick kam der Schaffner des Waggons vorüber , und als er erfuhr , worum es ging , erlaubte er dem Dicken , unter den Waggon zu kriechen .",975
erlauben,"In diesem Augenblick kam der Schaffner des Waggons vorüber , und als er erfuhr , worum es ging , erlaubte er dem Dicken , unter den Waggon zu kriechen .",1350
erlauben,"Es gibt absolut kein Recht und keine moralischen Prinzipien , die es der amerikanischen Regierung erlauben , ihre Luftwaffe und ihre Marine einzusetzen , um die Häfen der Demokratischen Republik Vietnam zu verminen und zu blockieren und ihr Territorium zu bombardieren .",977
erlauben,"1934 für « inen Artikel „ Sollen wir es erlauben , daß unsere Kinder zu Raubtieren erzogen werden ? """,975
erlauben,"1934 für « inen Artikel „ Sollen wir es erlauben , daß unsere Kinder zu Raubtieren erzogen werden ? """,1350
erlauben,Die Wiederaufnahme des Dialogs zwischen den beiden Großmächten erlaube neue Hoffnung .,975
erlauben,Die Wiederaufnahme des Dialogs zwischen den beiden Großmächten erlaube neue Hoffnung .,1350
erlauben,"Das Tollste auf dem Gebiet des „ Prämienwesens "" in Westberlin erlaubte sich der Betrieb „ Adrema "" , der bestimmte Beträge an alle diejenigen auszahlt , die im Jahr keinen Tag krank waren .",975
erlauben,"Das Tollste auf dem Gebiet des „ Prämienwesens "" in Westberlin erlaubte sich der Betrieb „ Adrema "" , der bestimmte Beträge an alle diejenigen auszahlt , die im Jahr keinen Tag krank waren .",1350
erlauben,"Diese im Interesse aller geführte Außenhandelspolitik erlaubt ohne Zweifel die Prognose zu stellen , auch auf diesem Gebiet in absehbarer Zeit den Friedensstand zu überschreiten und der Bevölkerung der Republik damit einen Wohlstand zu sichern , den sie nie gekannt hat ,",975
erlauben,"Diese im Interesse aller geführte Außenhandelspolitik erlaubt ohne Zweifel die Prognose zu stellen , auch auf diesem Gebiet in absehbarer Zeit den Friedensstand zu überschreiten und der Bevölkerung der Republik damit einen Wohlstand zu sichern , den sie nie gekannt hat ,",1350
erlauben,"Aber richtig wäre es so ; Pie FPJ lädt den ganzen Betrieb zu dieser Feier ein , sie bemüht sich darum , daß die Aktivisten , Meister , Bnga- : diere und vor allem die Lehrlingsausbilder — soweit die Produktion es erlaubt — zur Feier kommen .",975
erlauben,"Aber richtig wäre es so ; Pie FPJ lädt den ganzen Betrieb zu dieser Feier ein , sie bemüht sich darum , daß die Aktivisten , Meister , Bnga- : diere und vor allem die Lehrlingsausbilder — soweit die Produktion es erlaubt — zur Feier kommen .",1350
erlauben,"Nach wie vor existiert in Gestalt des sogenannten Nationalrats eine gefährliche Kamarilla , wenn es . - in ihr auch Widersprüche gibt , die sich — wenn eine Vereinfachung erlaubt ist aus dem Streben nach dem größten Stück vom Kuchen der Macht erklären lasen .",975
erlauben,"Nach wie vor existiert in Gestalt des sogenannten Nationalrats eine gefährliche Kamarilla , wenn es . - in ihr auch Widersprüche gibt , die sich — wenn eine Vereinfachung erlaubt ist aus dem Streben nach dem größten Stück vom Kuchen der Macht erklären lasen .",1350
erlauben,"„ Ich werde dir nicht erlauben , unsere Familie zu beschmutzen !",975
erlauben,"„ Ich werde dir nicht erlauben , unsere Familie zu beschmutzen !",1350
erlauben,"Chemie , der Elektionik . der Automatik und der Bioioaie erlaubten es , die kompliziertesten Probleme hei der Entwicklung der Volkswirtschaft erfolgreich zu lösen , die modernste Technik in Industrio und Landwirtschaft einzuführen und hochwnksame Produktionsmethoden auszuarbeiten .",975
erlauben,"Chemie , der Elektionik . der Automatik und der Bioioaie erlaubten es , die kompliziertesten Probleme hei der Entwicklung der Volkswirtschaft erfolgreich zu lösen , die modernste Technik in Industrio und Landwirtschaft einzuführen und hochwnksame Produktionsmethoden auszuarbeiten .",1350
erlauben,"Ein politischer Streik der Gewerkschaften sei nur dann erlaubt , erklärte er am Montag vor über 300 DGB-Funktionären in Mannheim , „ wenn die Streikenden die Verfassung oder den Staat in Gefahr sehen "" .",977
erlauben,"Die Erweiterung ihrer theoretischen Kenntnisse erlaubt den Facharbeitern nicht nur produktivere Arbeit , sondern auch bedeutende Ersparnisse für den Betneb durch richtige Arbeitsorganisation .",975
erlauben,"Die Erweiterung ihrer theoretischen Kenntnisse erlaubt den Facharbeitern nicht nur produktivere Arbeit , sondern auch bedeutende Ersparnisse für den Betneb durch richtige Arbeitsorganisation .",1350
erlauben,"Das Wörtchen „ Rahmen "" hören die Mitarbeiter dieser Abteilung übrigens nicht gerne denn ihre Ausstattungen sind keine .. Rahmen "" , sondern anerkannte mitspielende Elemente von größter Bedeutung für die Aussage des Stückes — aber in diesem Zusammenhang sei es uns einmal erlaubt",977
erlauben,"Dann erlaubte sich die Abwehr grobe Schnitzer , die von der Vorwärts-Mannschaft konsequent . genutzt wurden .",975
erlauben,"Dann erlaubte sich die Abwehr grobe Schnitzer , die von der Vorwärts-Mannschaft konsequent . genutzt wurden .",1350
erlauben,Die konkrete Politik der SED in der Fraqe der Bodenreform und der Uebereignung der Kriegsverbrecherbetriebe erlaubt keinen Zweifel an ihrer Haltung gegenüber dem Mißbrauch kapitalistischen Monstre- Eigentums .,975
erlauben,Die konkrete Politik der SED in der Fraqe der Bodenreform und der Uebereignung der Kriegsverbrecherbetriebe erlaubt keinen Zweifel an ihrer Haltung gegenüber dem Mißbrauch kapitalistischen Monstre- Eigentums .,1350
erlauben,"Bürger in der Nazizeit der Polizai ausgeliefert sein mußte , wenn sich die Po . lizei noch heute in unserem sogenannten Rechtsstaat Ausschreitungen erlauben kann , wie sie in Schwabing geschehen sind .",975
erlauben,"Bürger in der Nazizeit der Polizai ausgeliefert sein mußte , wenn sich die Po . lizei noch heute in unserem sogenannten Rechtsstaat Ausschreitungen erlauben kann , wie sie in Schwabing geschehen sind .",1350
erlauben,"Was sieh die amerikanischen Militärs in ihrer Heimat nicht erlauben dürfen , führen sie hier in der Lüneburger Heide durch .",975
erlauben,"Was sieh die amerikanischen Militärs in ihrer Heimat nicht erlauben dürfen , führen sie hier in der Lüneburger Heide durch .",1350
erlauben,Abwehrschwächen erlaubten den Tre Kronors Mitte des zweiten Drittels auf 3 : 3 auszugleichen .,975
erlauben,Abwehrschwächen erlaubten den Tre Kronors Mitte des zweiten Drittels auf 3 : 3 auszugleichen .,1350
erlauben,"Die neuen Preise erlauben der Kohleindustrie , ihre Kosten zu decken und einen Gewinn zu erzielen .",975
erlauben,"Die neuen Preise erlauben der Kohleindustrie , ihre Kosten zu decken und einen Gewinn zu erzielen .",1350
erlauben,"Jeder wollte mit eigenen Angen lesen , daß entgegen den Behauptungen des estens Kritik in unserer Republik nicht nur erlaubt ist , sogar unterstützt wird , und übelstände beseitigt werden .",977
erlauben,Zu einer Protestkundgebung gegen das geplante SS-Treffen in Karlburg und gegen das von Bonn wieder erlaubte Tragen alter Nazi-Orden hatten sich etwa 1000 Westberliner am Sonntaevormittae in dem Charlottenburger Kino „ Kurbel  versammelt .,977
finnisch,"Wenige Völkerstämme bieten in ihrer Geistesbildung und in der Richtung ihrer Gefühle , wie sie durch entartende Knechtschaft , oder kriegerische Wildheit , oder ausdauerndes Streben nach politischer Freiheit bestimmt worden ist , mannigfaltigere und wundersamere Abstufungen dar als der finnische Stamm in seinen sprachverwandten Unterabtheilungen .",863
finnisch,"Noch bleibt zu erinnern übrig , dass wir unter den Namen Baschkiren , Meschtscherjäken und Teptiären auf dem europäischen Abhang des mittleren und südlichen Ural Bevölkerungen antreffen , die türkische Sprachen reden , ihrer Körpermerkmale wegen aber zu dem finnischen Aste gerechnet , also für türkisch-finnische Mischvölker gehalten werden müssen .",863
finnisch,"Im finnischen Glauben ist es zugleich der höchste Gott Wäinämöinen ( Wannewunne ) , der durch sein Harfenspiel die ganze Welt friedet und nach dem Klange der Töne in Harmonie bringt .",863
finnisch,"Die Sprache jenes ehrwürdigen Volkes wurde zuerst von J. Oppert als eine „ turanische “ , das heisst unzweideutiger ausgedrückt , als eine uralaltaische bezeichnet und zwar schliesst sie sich , was die Zahlwörter und Fürwörter betrifft , dem finnischen Aste näher an als dem türkischen .",863
finnisch,"Birchows anatomische Untersuchungen der Schädel steinzeitlicher Hügelgräber Dänemarks lehren , daß es ganz dieselben Bewohner dieses unsres Nachbarlands wie die heutigen waren , welche darin beerdigt wurden , und daß man weder lappische oder finnische , noch esthnische oder sonstige Vorgänger der heutigen Dänen als einst dort wohnend anzunehmen nöthig hat . —",863
finnisch,"Daß die Hionguhs , ein finnischer Stamm zwischen den Don und der Wolga , in der frühen Völkerwanderung auf die Hunnen fielen , lehrt uns die Geschichte .",863
finnisch,– Mit diesen Hunnen gehören sie zu demselben finnischen Völkerstamm die schönen Madscharen die mit den Avaren Ungarn eins sind .,863
finnisch,"In den Wintermonaten , wenn St. Petersburg von der See her nicht zugänglich ist , werden auch die Nebenlinien über Reval nach Baltischport am südlichen und die nach Hangö am nördlichen Gestade des Finnischen Meerbusens sehr wichtig für den Verkehr der Metropole .",863
finnisch,"( Ein Fragment von Theodor Goldstücker . ) — Finnisches Epos und Lieder , aus dem Munde der Karelier gesammelt von Elias Lönnrot , S. 43 und 44. — Aramäische Nationen ; Naturpoesie der Hebräer , in der sich der Monotheismus spiegelt , S. 44–49 und Anm. S. 119. — Alte arabische Litteratur ; Schilderung des beduinischen Wüstenlebens in Antar ; Naturbeschreibung des Amrul Kais S. 49–52 und Anm. S. 119 bis 120 . —",863
finnisch,"Die vorzüglichsten sind folgende : der Maikäfer ( Melolontha majalis seu vulgaris ) , der Juniuskäfer ( Melolontha solstitialis ) , der Juliuskäfer ( scarahaens fullo ) , der Gartenlaubkäfer ( sc . horticola ) , der Hirschschröter ( Lucanus cervus ) , der Balkenschröter ( L. parallelipipedus ) , der gemeine Borkenkäfer ( Bostrichus s. Dermestes typographicus ) , der Kiefernborkenkäfer ( B. pinastri ) , der Fichtenborkenkäfer ( B. piniperda ) , der Lerchenborkenkäfer ( B. laricis ) , der Kupferstecherborkenkäfer ( B. Chalcographus ) , der Tannenborkenkäfer ( B. micrographus ) , der Zeichnerborkenkäfer ( B. polygraphus ) , der Kolbenborkenkäfer ( B. scolytus ) , der Pappeln , Blattkäfer ( Chrysomela populi ) , der Vierpunkt-Blattkäfer ( Chrysomela quadripunctata ) , der Fichtenrüsselkäfer ( Curculio pini ) , der violette Rüsselkäfer ( C. violaceus ) , der bestäubte Rüsselkäfer ( C. incanus ) , der Aurora-Rüsselkäfer ( C. aurora ) , der rothsüßige Rüsselkäfer ( C. rufipes ) , der Buchen-Blattminirkäfer ( C. fagi ) , der Erlenverderber ( C. Lapathi ) , der ausspähende Bockkäfer ( Cerambyx inquisitor ) , der seehundfarbige Bockkäfer ( Cerambyx Carcharius ) , der finnische Bockkäfer ( C. finnicus ) .",863
finnisch,"Ebenso erwähnen bereits die ältesten heidnischen Runen Finnlands der Sumpf- und Morasterze , ja es wird dort bereits angeführt , dass man aus dem Sumpfeisen auch Stahl machen kann . Die alten finnischen Öfen waren höchst primitiv und bestanden aus nicht viel mehr als einem Loch im Boden .",863
finnisch,"Die Natur hat hier bequeme und billige Verbindungen angebahnt , die von dem innersten Winkel des Finnischen Meerbusens durch die Dwina bis in das nördliche Eismeer , durch die Wolga bis an die nördlichen Gestade Persiens reichen .",863
finnisch,"Finnen und Magyaren haben auch den gemeinsamen Glauben , dass die Seelen und die Geister in der Gestalt von Vögeln dahinfliegen ; der Seelenweg ist ihnen der Vogelweg , finnisch Linnua rata und litthauisch Paukszcziw Kieles .",863
finnisch,"Den ersten Rang nimmt die heimische Flagge ein , der Verkehr ist zumeist nach finnischen Häfen , nach Russland , Schweden und Norwegen , Grossbritannien und dem Deutschen Reiche gerichtet .",863
finnisch,"Man unterscheidet den indoeuropäischen oder indogermanischen , den semitischen , den nordafrikanischen , den finnisch-tatarischen , den malaiisch-polynesischen , den chinesischhinterindischen , den japanisch-kurilischen , den amerikanischen u. s. w. Von allen diesen kommt in vorliegender Untersuchung nur der indogermanische Sprachstamm in Betracht , welcher sich von der Südspitze Vorderasiens in nordwestlicher Richtung über Südwestasien und Europa bis Jsland hinzieht und die vorderindischen Sprachen , die persische und alle europäischen ( mit Ausnahme der türkischen , ungarischen oder magyarischen , lappischen , finnischen und baskischen ) umfaßt und der größtentheils auf zweisilbigen Wurzeln beruht .",863
finnisch,"Solche alte Reste nennen die Bauern Heidenschmieden ( „ Hedninge Bläster “ ) , während sie bei den Finnen „ Lappen “ oder auch „ Harko raudan raviot “ heissen , woraus hervorgeht , dass die Erinnerung des Volkes diese alten Schmelzstätten den früheren Ureingeborenen , die von den germanischen und finnischen Eroberern in den äussersten Norden Europas gedrängt wurden , zuschreibt .",863
finnisch,"So auch das berühmte ungeheuree Geschiebe aus einem Sumpfe am finnischen Meerbusen , das seines Gewichtes von drey Millionen Pfund ungeachtet nach St. Petersburg transportirt worden , um der Statüe Czaar Peters des großen zur Basis zu dienen .",863
finnisch,"Den Magiarenstamm gehört zu dieser fin?ischen Völkerschaft , die mit den Avaren verwandt ist .",863
finnisch,"Die europäischen Sprachfamilien sind sehr einfach es giebt nur 3 Sprachen die vaskischen finischen und die von Sanscrit herrühren , als Kelten Slaven Indogermaner und Pelasgogermaner Die Vaskische Sprache Eskoaras heute 700000 Menschen nun mehr außer Europa wohnend früher umwohnte diese Nation den ganzen Becken des Mittel- Meeres .",863
finnisch,"Endlich erwähne ich noch der beim Graben des Södertelgecanals , der den Mälarsee mit dem Finnischen Meerbusen verbindet , 64 Fuß unter der Oberfläche des Bodens gefundenen Fischerhütte , in deren Flur man eine Art von Heerd , Holzkohlen und Reisigbündel fand .",863
finnisch,"Es sind entweder Küstenstriche , die den Bothriocephalus beherbergen , wie die Ostseeprovinzen und die Länder des botnischen und finnischen Meerbusens , oder es sind die Niederungen größerer Seen und Flüsse .",863
finnisch,"Der Name kaukasisch ist nicht gut gewählt , denn die Osseten ausgenommen , sind alle Völkerstämme des Kaukasus finnischen Ursprungs .",863
finnisch,"Die finnische Jungfrau Impi wohnt im hohen Norden und als sie einst im Meere badete , zeugte Meri-Turisas , der Meergott , neun schlimme Söhne mit ihr .",863
finnisch,"Die Blutsverwandtschaft der finnischen Gruppe mit den Völkern des mongolischen Astes ist bei den Wogulen am deutlichsten zu erkennen , denn sie nähern sich weit mehr als die Ostjaken den Kalmüken . Selbst unter den Lappen Norwegens erkannte aber Carl Vogt in den schmal geschlitzten , jedoch horizontal gestellten Augen , den breiten Backenknochen , dem weiten Mund , der abgestumpften Nase und der gelblichen Gesichtsfarbe die Wahrzeichen der mongolischen Race wieder . Von den teutonischen und slavischen Nachbarn haben die Ostseefinnen eine Anzahl Wörter für Culturwerkzeuge und mit den Worten auch die Gegenstände selbst entlehnt .",863
finnisch,"( Vergl. Schröter , Finnische Runen S. 69?73. ) Jhre Litteratur ist die jüngste , wie die Schrift Dr. v. Tettaus „ Über die epischen Dichtungen der finnischen Völker ( Erfurt ) beweist .",863
finnisch,"John Peet , der brätische Gewerkschafter Viktor Richter und ein Vertreter der finnischen "" Arbeiterschaft",863
finnisch,"Mit einer kompletten Staffel vom Halbfliegen- bis Superschwergewicht beteiligt sich der DDR-Boxverband an den Europameisterschaften , die am kommenden Sonnabend im finnischen Tampere beginnen .",863
finnisch,"Kenner behaupten , daß man hier inmitten Satakuntas echtes finnisches",863
finnisch,Eine Ausstellung über das Theater in der DDR wurde am Mittwoch in Anwesenheit finnischer Theaterschaffender in Helsinki eröffnet .,863
finnisch,Die neue finnische Regierung unter dem sozialdemokratischen Ministerpräsidenten Rafael Paasio bekannte sich in ihrem am Dienstag veröffentlichten Programm zur Fortsetzung der friedlichen Außenpolitik des Landes und zu einer gerechteren Sozialpolitik gegenüber den werktätigen Schichten .,863
finnisch,"Er drückte darin die Oberzeugung aus , daß sieh die freundschaftlichen Beziehungen zwischen der Volkskammer der DDR und dem Reichstag der Finnischen Republik auch in Zukunft zum beiderseitigen Nutzen entwickeln werden .",863
finnisch,Reizvoll ist die Landschaft am Finnischen Meerbusen bei Selenja Gorsk ( unten ) .,863
finnisch,Ilkka Ch. Nordberg ist Mitglied des Vorstandes des Finnischen Ober -,863
finnisch,Der finnische Staatspräsident Dr. Kekkonen wird im Oktober auf Einladung Nikita Chruschtschows der Sowjetunion einen Besuch abstalten .,863
finnisch,11. schwedischer Name einer finnischen zember von 8 bis 15 Uhr geöffnet .,863
finnisch,"über die derzeitigen Terrormethoden in Chile und den Kampf der Patrioten berichtete auf der Pressekonferenz auch Daniel Katz . finnischer Vertreter im Weltbund der Demokratischen Jugend , der gerade aus Chile zurückgekehrt war .",863
finnisch,"2. Dunst , 3. Stadt in der Lettischen SSR , 4. Oper von Robert 31 Hanell , 5. altorientalischer Staat , 6. sich drehender Teil einer elektrischen Maschine , 7. höchster Teil der Karpaten , 19. finnischer See , 8. Telefongespräch , Raum für Forschungen , 20. Wohlge- 14. Laufvogel , 16. begeisterter Anruch , 22. Stadt in der Türkei , 23. hänger , 17. melodisch-harmonische Ehemann , 25. Schwertlilie , 28. che- Grundlage eines Musikstücks , 18. misches Element .",863
finnisch,Die finnische Delegation unter Leitung von Ilkka Suominen wurde am selben Tag von Prof. Dr. Heinrich Homann verabschiedet .,863
finnisch,Der finnische Speerwerfer Hannu Siitonen hat sich wegen einer langwierigen Schuner . verietzung vom aktiven Sport zurückgezogen .,863
finnisch,Acht Minuten vor Schluß verkürzten dip Kanadier den inzwischen auf 4:1 geschraubten finnischen Vorsprung mit ihrem zweiten Treffer und nahmen 60 Sekunden vor Schluß sogar ihren Torwart zugunsten eines weiteren Feldsnielers vom Eis. doch das bestrafte Wahlsten noch mit dem fünften Finnen-Tor .,863
finnisch,"Das finnische Volk feierte am Sonnabend gemeinsam mit den Völkern der Sowjetunion den 20. Jahrestag der Unterzeichnung des gemeinsamen Vertrages über Freundschaft , Zusammenarbeit und gegenseitigen BeLstand .",863
finnisch,"dies das Ergebnis einer Umgruppierung im Lager der reaktionären Parteien , dB die finnische Volkspartei sechs Sitze verlor .",863
finnisch,"In Ihrem verantwortungsvollen Amt wünsche ich Ihnen , Herr Präsident , weiterhin alles Gute und beste Erfolge zum Wohle des finnischen Volkes .",863
finnisch,"Unionsrepublik zwischen Rigaer und Finnischem Meerbusen , 1,5 Millionen Einwohner , 45100 Quadratkilometer groß , Hauptstadt Tallinn , in den Jahren der Sowjetmacht auf das 32fache gestiegene Produktion , Industriezweige : Maschinen- und Apparatebau , Chemie , Ölschieferverarbeitung , Torfgewinnung , Textilindustrie , Energieerzeugung , Holzindustrie , Lebensmittelindustrie , Fischfang ( pro Kopf 232 kg im Jahr ) — so stellt sich die Estnische Sozialistische Sowjetrepublik in Leipzig vor .",863
finnisch,"Eine „ rote Politik für eine grüne und gerechte Zukunft "" will der finnische Linksbund vertreten , der am Wochenende in Helsinki gegründet worden ist .",863
finnisch,"15 Grad unter * , „ , , herrschten im finnischen Kalavara bei einem Fußballspiel .",863
finnisch,"Es besteht zwar in der finnischen Stadt keine Gefahr , daß der Schnee durch ein Tauwetter verschwindet , doch könnte die an einigen Stellen auf die Langlaufspur strahlende Sonne für unterschiedliche Schmeebedinßungen und damit für Wachsprofbleme sorgen .",863
finnisch,Die finnische Delegation brachte ihre Wertschätzung für die einseitige Abrüstungsinitiative der DDR zum Ausdruck .,863
finnisch,"Das läßt alle Skisportler auf gute Bedingungen für den traditionellen finnischen Langlauf hoffen , mit dem alljährlich am 13. Dezember die Saison eröffnet wird .",863
finnisch,"Vom 16. bis 18. April finden in Helsinki Beratungen zwischen einer Delegation des Zentralrates der Sowietgewerkschaften unter Leitung seines Vorsitzenden. A. N. Schelepin . und einer Delegation der Zentralorganisation der finnischen Gewerkschaften ( SAK ) unter Leitung ihres Vorsitzenden , N. Hümüläinen , statt .",863
freigelassen,"Was auch die Umstände sonst , günstig oder ungünstig , darbieten , wie auch Gesinnung und Kräfte innerhalb des freigelassenen Raumes auf die Schranken selbst zurückwirken , immer bleibt die allgemeine Nothwendigkeit jenes besondern Moments das Umfassende und Bedingende , dem nicht zu entfliehen ist .",369
freigelassen,"Die Centurien schlossen grundsätzlich die unter dem Minimalcensus geschätzten und die freigelassenen Bürger aus , während die Tribus alle Bürger umfassten . ",369
freigelassen,"Die Centurien schlossen grundsätzlich die unter dem Minimalcensus geschätzten und die freigelassenen Bürger aus , während die Tribus alle Bürger umfassten . ",235
freigelassen,"Um sich ihrer Feinde zu erwehren haben sie im Drange der Not freigelassene Knechte und Schwärme besiegter Völkerschaften in das Volksheer aufgenommen . Fremde Elemente sind auf diese Weise in den Volkskörper eingedrungen , ein Umstand , der es erklären hilft , dass der überlieferte Sprachschatz der hochdeutschen Langobarden vereinzelte Worte aufweist , die als germanische zu bestimmen oder überhaupt aufzuhellen der Sprachwissenschaft bisher nicht gelungen ist . ",369
freigelassen,"Um sich ihrer Feinde zu erwehren haben sie im Drange der Not freigelassene Knechte und Schwärme besiegter Völkerschaften in das Volksheer aufgenommen . Fremde Elemente sind auf diese Weise in den Volkskörper eingedrungen , ein Umstand , der es erklären hilft , dass der überlieferte Sprachschatz der hochdeutschen Langobarden vereinzelte Worte aufweist , die als germanische zu bestimmen oder überhaupt aufzuhellen der Sprachwissenschaft bisher nicht gelungen ist . ",235
freigelassen,"1. Die wichtigste und eigenthümlichste Anwendung findet sich bei den Diensten freigelassener Sklaven , die der Patron einklagen konnte , wenn sie eidlich versprochen waren . ",369
freigelassen,"1. Die wichtigste und eigenthümlichste Anwendung findet sich bei den Diensten freigelassener Sklaven , die der Patron einklagen konnte , wenn sie eidlich versprochen waren . ",235
freigelassen,"Bei den übrigen erscheine es als ein Zeichen der Volksfreiheit , dass der Freigelassene Ungenosse des Freien ist . ",369
freigelassen,"Bei den übrigen erscheine es als ein Zeichen der Volksfreiheit , dass der Freigelassene Ungenosse des Freien ist . ",235
freigelassen,"Wie die Sachen jetzt stehen , hat der roheste irländische und deutsche Auswanderer , hat der eben erst freigelassene stumpfsinnige Neger das Recht , über alle die Gesetze abzustimmen , welchen die Frauen eben so sehr unterworfen sind als die Männer , und von denen sie , wie im Ehe- und Erbrecht , in den Schul- und Strafgesetzen , in der Taxation und den Schutzzöllen , häufig noch härter betroffen werden als die Männer . ",369
freigelassen,"Wie die Sachen jetzt stehen , hat der roheste irländische und deutsche Auswanderer , hat der eben erst freigelassene stumpfsinnige Neger das Recht , über alle die Gesetze abzustimmen , welchen die Frauen eben so sehr unterworfen sind als die Männer , und von denen sie , wie im Ehe- und Erbrecht , in den Schul- und Strafgesetzen , in der Taxation und den Schutzzöllen , häufig noch härter betroffen werden als die Männer . ",235
freigelassen,"Lesbarere und gewandtere Nachdichtungen der griechischen Tragödie lieferte des Pacuvius jüngerer Zeitgenosse Lucius Accius , eines Freigelassenen Sohn von Pisaurum ( 584- nach 651 ) , ausser Pacuvius der einzige namhafte tragische Dichter des siebenten Jahrhunderts . ",369
freigelassen,"Lesbarere und gewandtere Nachdichtungen der griechischen Tragödie lieferte des Pacuvius jüngerer Zeitgenosse Lucius Accius , eines Freigelassenen Sohn von Pisaurum ( 584- nach 651 ) , ausser Pacuvius der einzige namhafte tragische Dichter des siebenten Jahrhunderts . ",235
freigelassen,"3 ) aus Vulci , einst bei Baseggio [ Cat . of vases n. 15 ] : auf jeder Seite der beiden Henkel , und mit den Köpfen diesen zugewendet , je ein geflügeltes Ross ; auf den von ihnen freigelassenen Feldern der beiden Aussenseiten , je vier zum Kampfe sich rüstende und ausziehende Krieger und . Innen ein im Laufen sich umblickender Silen mit Schlauch und Trinkhorn , und rings herum die Inschrift , wie 1 : Panofka T. 2",369
freigelassen,"Man nahm an , der Patron werde dazu im Betragen des Freygelassenen Gründe gefunden haben , die kein Richter prüfen dürfe ; erst mit dem Tode des Patrons sollte diese Willkühr aufhören . Späterhin gieng man von diesem ausgedehnten Recht des Patrons ab , und gestattete ihm den Widerruf nur in zwey Fällen : bey nachgebornen Kindern , und bey erweislicher Undankbarkeit . ",369
freigelassen,"Man nahm an , der Patron werde dazu im Betragen des Freygelassenen Gründe gefunden haben , die kein Richter prüfen dürfe ; erst mit dem Tode des Patrons sollte diese Willkühr aufhören . Späterhin gieng man von diesem ausgedehnten Recht des Patrons ab , und gestattete ihm den Widerruf nur in zwey Fällen : bey nachgebornen Kindern , und bey erweislicher Undankbarkeit . ",235
freigelassen,"Diese Farbigen , Peones Llaneros genannt , sind zum Teil Freie oder Freigelassene , zum Teil Sklaven . ",369
freigelassen,"Diese Farbigen , Peones Llaneros genannt , sind zum Teil Freie oder Freigelassene , zum Teil Sklaven . ",235
freigelassen,Das Anzünden erfolgt mittels Einbringens glühender Kohlen durch einen auf der Sohle freigelassenen Kanal .,369
freigelassen,"Hierauf bezieht sich der Ausspruch des Ulpian , daß eine solche Ehe auch dem freigelassenen Manne unmöglich sey , wenn derselbe durch ein irriges , aber rechtskräftiges Urtheil für einen Freigebornen erklärt worden war . ",369
freigelassen,"Hierauf bezieht sich der Ausspruch des Ulpian , daß eine solche Ehe auch dem freigelassenen Manne unmöglich sey , wenn derselbe durch ein irriges , aber rechtskräftiges Urtheil für einen Freigebornen erklärt worden war . ",235
freigelassen,"Das klingt befremdlich , aber die logik des rechtes ist unerbittlich . der sclave kann keine ehe eingehen , also entbehrt der im hause geborene des vaters und der aus der fremde eingeführte barbar erst recht . der metöke geniesst in Athen des vorrechtes , in einem quasigentilicischen verbande zu stehen und nach dem attischen familienrechte behandelt zu werden , er hat also einen vater . aber das gilt eben erst seit Kleisthenes , der die private clientel durch die des staates ersetzt hat . ich habe das früher aufgeführt und gezeigt , dass die officielle bezeichnung ???? ?? ?????? ????? ist . das ist das genaue analogon zu ????????? ???????? , und in der tat führen die metöken auch später officiell keinen vatersnamen . bevor der attische staat die metöken in seine clientel nahm , war für sie der patron was der herr für den sclaven und freigelassenen , der vater für den bürger war . trat aber vollends der metöke oder auch der peregrine , der noch ein anderes vaterland gehabt hatte , in die gemeinde der Athener , so verlor er damit notwendigerweise seine frühere familienverbindung , er konnte also ihre bezeichnung entweder nicht mehr führen , oder aber er musste dem vater die bezeichnung seiner heimat geben , also sein neubürgertum eingestehn . die römische analogie macht das sofort deutlich . der freigelassene führt den namen des patrons , der neubürger kann gar keinen vatersnamen führen , oder aber er gesteht seinen stand ein , indem er den unrömischen vatersnamen einsetzt , was in der griechischen welt nicht selten geschieht . ??????? ????????? ????- ????? ???? auf Delos , L. Tarquinius Demarati f. in der legende , das ist eine bezeichnung , die wirklich ????????? ???? ?????????? . ",369
freigelassen,"Das klingt befremdlich , aber die logik des rechtes ist unerbittlich . der sclave kann keine ehe eingehen , also entbehrt der im hause geborene des vaters und der aus der fremde eingeführte barbar erst recht . der metöke geniesst in Athen des vorrechtes , in einem quasigentilicischen verbande zu stehen und nach dem attischen familienrechte behandelt zu werden , er hat also einen vater . aber das gilt eben erst seit Kleisthenes , der die private clientel durch die des staates ersetzt hat . ich habe das früher aufgeführt und gezeigt , dass die officielle bezeichnung ???? ?? ?????? ????? ist . das ist das genaue analogon zu ????????? ???????? , und in der tat führen die metöken auch später officiell keinen vatersnamen . bevor der attische staat die metöken in seine clientel nahm , war für sie der patron was der herr für den sclaven und freigelassenen , der vater für den bürger war . trat aber vollends der metöke oder auch der peregrine , der noch ein anderes vaterland gehabt hatte , in die gemeinde der Athener , so verlor er damit notwendigerweise seine frühere familienverbindung , er konnte also ihre bezeichnung entweder nicht mehr führen , oder aber er musste dem vater die bezeichnung seiner heimat geben , also sein neubürgertum eingestehn . die römische analogie macht das sofort deutlich . der freigelassene führt den namen des patrons , der neubürger kann gar keinen vatersnamen führen , oder aber er gesteht seinen stand ein , indem er den unrömischen vatersnamen einsetzt , was in der griechischen welt nicht selten geschieht . ??????? ????????? ????- ????? ???? auf Delos , L. Tarquinius Demarati f. in der legende , das ist eine bezeichnung , die wirklich ????????? ???? ?????????? . ",235
freigelassen,"Von dieser Ansicht kam jedoch die Kommission bei genauerer Erwägung der einzelnen , die Strafbarkeit begründenden Momente zurück , indem sie annahm , daß mögliche Härten durch die in §. 196. freigelassene Berücksichtigung mildernder Umstände ausgeglichen werden könnten . 369",369
freigelassen,"Der Notarius trank mit Geschmack den Kräzer , und sagte zweifelnd vor Freude : wenn würklich etwas poetisches an ihm wäre , auch nur der Flaum einer Dichterschwinge , so käme es freilich von seinem ewigen Bestreben in Leipzig her , in allen vom Jus freigelassenen Stunden an gar nichts zu hangen , an gar nichts aufzuklettern , als am hohen Olymp der Musen , dem Göttersize des Herzens , wiewohl ihm noch niemand recht gegeben , als Goldine und der Kandidat ; „ aber , guter Vult , scherze hier nicht mit mir . ",369
freigelassen,Nach norwegischem Rechte fehlt den Kindern der Freigelassenen niederer Ordnung das Erbrecht .,235
freigelassen,Nach norwegischem Rechte fehlt den Kindern der Freigelassenen niederer Ordnung das Erbrecht .,369
freigelassen,"? Nachdem man hier in Erfahrung gebracht , daß die früher freigelassenen 80 Gränzer , trotz ihres Eides , nie wieder gegen Ungarn zu kämpfen , von dem Agramer Generalkommando genöthigt worden , auf s neue nach Ungarn zu marschiren , so hat die hiesige Regierung die beschlossene Freilassung der gefangenen Gemeinen unter gleichem Eidschwure wieder aufgehoben . ",235
freigelassen,"? Nachdem man hier in Erfahrung gebracht , daß die früher freigelassenen 80 Gränzer , trotz ihres Eides , nie wieder gegen Ungarn zu kämpfen , von dem Agramer Generalkommando genöthigt worden , auf s neue nach Ungarn zu marschiren , so hat die hiesige Regierung die beschlossene Freilassung der gefangenen Gemeinen unter gleichem Eidschwure wieder aufgehoben . ",369
freigelassen,"In mißverstandener Menschenliebe hatte man auch den freigelassenen Sclaven dieselben politischen Rechte ertheilt , die sie natürlich nicht zu gebrauchen verstanden , und der Rückschlag blieb nicht aus . ",235
freigelassen,"In mißverstandener Menschenliebe hatte man auch den freigelassenen Sclaven dieselben politischen Rechte ertheilt , die sie natürlich nicht zu gebrauchen verstanden , und der Rückschlag blieb nicht aus . ",369
freigelassen,"Das von den Flügeldecken freigelassene Pygidium steht als große Hornplatte senkrecht nach unten und begrenzt den Körper nach hinten in breiter Fläche , wie in ähnlicher Weise die platte Stirn ihm nach vorn ein Ziel setzt . ",369
freigelassen,"Man würde in der Richtung p c in grösserer Ferne eine Scala anbringen , welche an der b und c zugekehrten Prismenfläche so sich spiegelte , dass ihr Bild durch das Fernrohr b gesehen werden könnte , und dass das Bild gerade in die untere , freigelassene Hälfte des Gesichtsfeldes fiele .",369
freigelassen,Bei den Römern wurde der Hut den Freigelassenen in dem Tempel der Feronia als Symbol der Freiheit aufgesetzt und die durch Testament freigelassenen Sklaven gingen mit dem Hute auf dem Haupte ( pileati et eapite induto ) vor dem Sarge des Testators her .,369
freigelassen,Bei den Römern wurde der Hut den Freigelassenen in dem Tempel der Feronia als Symbol der Freiheit aufgesetzt und die durch Testament freigelassenen Sklaven gingen mit dem Hute auf dem Haupte ( pileati et eapite induto ) vor dem Sarge des Testators her .,235
freigelassen,"Zuerst machten sie sich fähig , freygelassene Sklaven , die ihnen gefielen , zu heurathen , was ihnen außerdem die von der Lex Julia mit einer in ihrem Sinn gültigen Ehe verknüpften Vortheile nicht hätte verschaffen können; allein das heißt nicht ad evitandas legum poenas . ",369
freigelassen,"Zuerst machten sie sich fähig , freygelassene Sklaven , die ihnen gefielen , zu heurathen , was ihnen außerdem die von der Lex Julia mit einer in ihrem Sinn gültigen Ehe verknüpften Vortheile nicht hätte verschaffen können; allein das heißt nicht ad evitandas legum poenas . ",235
freigelassen,"Dem Ende dieser Epoche gehört der grösste römische Schauspieler an , der Freigelassene Quintus Roscius Gallus ( † um 692 hochbejahrt ) , Sullas Freund und gern gesehener Tischgenosse , auf den noch später zurückzukommen sein wird . ",369
freigelassen,"Dem Ende dieser Epoche gehört der grösste römische Schauspieler an , der Freigelassene Quintus Roscius Gallus ( † um 692 hochbejahrt ) , Sullas Freund und gern gesehener Tischgenosse , auf den noch später zurückzukommen sein wird . ",235
freigelassen,"Der bericht über die drei parteien , die in Athen vor Peisistratos bestanden , stimmt bei Aristoteles und Herodotos ziemlich genau ( 13 , 4 , Herod. I 59 ) . aber Aristoteles hat nicht nur , wie natürlich , das ungenaue ?????????? Herodots in das richtige ???????? verbessert , sondern er charakterisirt auch diese partei als die demokratische , der sich die ehemaligen schuldsclaven anschlossen , und neben diesen leute von zweifelhafter ächtbürtigkeit . zum beweise führt er an , dass nach der vertreibung der tyrannen eine prüfung der bürgerlisten stattgefunden habe , um diese eindringlinge zu beseitigen . da Kleisthenes bei der neuen phylenordnung gerade die entgegengesetzte tendenz verfolgt hat , und niemand anders als Aristoteles selbst berichtet , dass er sogar viele metöken und freigelassene zu bürgern gemacht habe , so kann dieser nicht der urheber jener reactionären massregel sein , sondern sie muss in die jahre 509 oder 508 fallen und von der partei des Isagoras ausgehn . wirklich berichtet Herodot ( und ihm nachschreibend Aristoteles ) , dass Isagoras 700 familien vertrieb , aber er nennt es ?????- ???? , gleich als ob sie alle an der blutschuld der Alkmeoniden teilgenommen hätten , während an der früheren stelle Aristoteles den technischen ausdruck ??????????? anwendet , den wir von den entsprechenden vorgängen kennen , welche die gesetze des Perikles von 451/50 , des Aristophon bald nach 403 , und des Demophilos 346/5 im gefolge hatten ; es wird ohne zweifel öfter zu solchen massregeln gekommen sein . nun ist es ganz der weise des Herodotos und der der Atthis entsprechend , dass der erste als einen persönlichen gewaltact mit religiöser färbung hinstellt , was in dieser als eine correcte verwaltungsmassregel erscheint . uns macht es darum keine beschwerde beides zu identificiren , und wir verstehn die revolution von 510—7 damit ein gut teil besser : aber Aristoteles hat sich offenbar die sache gar nicht klar gemacht . ",369
freigelassen,"Der bericht über die drei parteien , die in Athen vor Peisistratos bestanden , stimmt bei Aristoteles und Herodotos ziemlich genau ( 13 , 4 , Herod. I 59 ) . aber Aristoteles hat nicht nur , wie natürlich , das ungenaue ?????????? Herodots in das richtige ???????? verbessert , sondern er charakterisirt auch diese partei als die demokratische , der sich die ehemaligen schuldsclaven anschlossen , und neben diesen leute von zweifelhafter ächtbürtigkeit . zum beweise führt er an , dass nach der vertreibung der tyrannen eine prüfung der bürgerlisten stattgefunden habe , um diese eindringlinge zu beseitigen . da Kleisthenes bei der neuen phylenordnung gerade die entgegengesetzte tendenz verfolgt hat , und niemand anders als Aristoteles selbst berichtet , dass er sogar viele metöken und freigelassene zu bürgern gemacht habe , so kann dieser nicht der urheber jener reactionären massregel sein , sondern sie muss in die jahre 509 oder 508 fallen und von der partei des Isagoras ausgehn . wirklich berichtet Herodot ( und ihm nachschreibend Aristoteles ) , dass Isagoras 700 familien vertrieb , aber er nennt es ?????- ???? , gleich als ob sie alle an der blutschuld der Alkmeoniden teilgenommen hätten , während an der früheren stelle Aristoteles den technischen ausdruck ??????????? anwendet , den wir von den entsprechenden vorgängen kennen , welche die gesetze des Perikles von 451/50 , des Aristophon bald nach 403 , und des Demophilos 346/5 im gefolge hatten ; es wird ohne zweifel öfter zu solchen massregeln gekommen sein . nun ist es ganz der weise des Herodotos und der der Atthis entsprechend , dass der erste als einen persönlichen gewaltact mit religiöser färbung hinstellt , was in dieser als eine correcte verwaltungsmassregel erscheint . uns macht es darum keine beschwerde beides zu identificiren , und wir verstehn die revolution von 510—7 damit ein gut teil besser : aber Aristoteles hat sich offenbar die sache gar nicht klar gemacht . ",235
freigelassen,"Bei den Westgermanen bilden die Freigelassenen niederer Ordnung keinen besonderen Stand , sondern gehören samt ihren Abkömmlingen dem Stande der Liten oder Aldien an , von welchem unten die Rede sein wird . ",369
freigelassen,"Bei den Westgermanen bilden die Freigelassenen niederer Ordnung keinen besonderen Stand , sondern gehören samt ihren Abkömmlingen dem Stande der Liten oder Aldien an , von welchem unten die Rede sein wird . ",235
freigelassen,"Die Yankee-Imperialisten wollten sie angeblich vor Übergriffen freigelassener deutscher Kriegsgefangener „ schützen "" und ihnen „ bei der Anbahnung einer erfolgreichen . Zusammenarbeit mit ihren slawischen Brüdern behilflich sein "" . ",369
freigelassen,"Die Yankee-Imperialisten wollten sie angeblich vor Übergriffen freigelassener deutscher Kriegsgefangener „ schützen "" und ihnen „ bei der Anbahnung einer erfolgreichen . Zusammenarbeit mit ihren slawischen Brüdern behilflich sein "" . ",235
freigelassen,"Die Revolte vom 18. April gegen die In Liberia seit 110 Jahren herrschende True-Whlg-Partel ist Kulminationspunkt einer seit langem schwelenden Krise , In der sich die Widersprüche zwischen dem Oberfluß der 300 herrschenden Familien — Nachkommen der aus den USA eingewanderten freigelassenen Sklaven — und der Mehrheit des 1,75-MUIlonen-VoIkes niederschlagen . ",369
freigelassen,"Die Revolte vom 18. April gegen die In Liberia seit 110 Jahren herrschende True-Whlg-Partel ist Kulminationspunkt einer seit langem schwelenden Krise , In der sich die Widersprüche zwischen dem Oberfluß der 300 herrschenden Familien — Nachkommen der aus den USA eingewanderten freigelassenen Sklaven — und der Mehrheit des 1,75-MUIlonen-VoIkes niederschlagen . ",235
freigelassen,"Auf die Frage , ob die in Großbritannien freigelassenen Personen nach Deutschland zurückgebracht werden , erklärte der Sprecher , daß seiner Meinung nach die Repatriierung beabsichtigt sei . ",369
freigelassen,"Auf die Frage , ob die in Großbritannien freigelassenen Personen nach Deutschland zurückgebracht werden , erklärte der Sprecher , daß seiner Meinung nach die Repatriierung beabsichtigt sei . ",235
freigelassen,"AGENTEN . 60 in China freigelassene ehemalige Spezialagenten der USA und Tschiang Kai-tscheks haben gestern das Land auf dem Seeweg nach Taiwan verlassen , weitere fünf reisten nach Hongkong . ",369
freigelassen,"AGENTEN . 60 in China freigelassene ehemalige Spezialagenten der USA und Tschiang Kai-tscheks haben gestern das Land auf dem Seeweg nach Taiwan verlassen , weitere fünf reisten nach Hongkong . ",235
freigelassen,Castro verurteilte die antikubanischen Kundgebungen und die Haltung Kennedys bei der Ankunft der freigelassenen Konterrevolutionäre in den USA .,369
freigelassen,Castro verurteilte die antikubanischen Kundgebungen und die Haltung Kennedys bei der Ankunft der freigelassenen Konterrevolutionäre in den USA .,235
freigelassen,Die vorzeitig freigelassenen Nazis - waren in den Nürnberger Prozessen größtenteils wegen Kriegsverbrechen,369
freigelassen,Die vorzeitig freigelassenen Nazis - waren in den Nürnberger Prozessen größtenteils wegen Kriegsverbrechen,235
freigelassen,"1819 das Recht eingeräumt erhielten , die freigelassenen Landarbeiter einfach auf die Straße zu setzen , wo sie aufgegriffen und in Landesarbeitshäuser eingeliefert wurden ?  ",369
freigelassen,"1819 das Recht eingeräumt erhielten , die freigelassenen Landarbeiter einfach auf die Straße zu setzen , wo sie aufgegriffen und in Landesarbeitshäuser eingeliefert wurden ?  ",235
freigelassen,"Die türkischen Behörden hatten es dem freigelassenen , kranken Dichter nicht einmal erlaubt , sich den Lebensunterhalt zu verdienen . ",369
freigelassen,"Die türkischen Behörden hatten es dem freigelassenen , kranken Dichter nicht einmal erlaubt , sich den Lebensunterhalt zu verdienen . ",235
freigelassen,Der Fall des im Februar 1990 nach zehnjähriger Tortur in der Todeszelle von Texas wegen erwiesener Unschuld freigelassenen Afroamerikaners Clarence Brandley hat das erneut bewiesen .,369
freigelassen,Der Fall des im Februar 1990 nach zehnjähriger Tortur in der Todeszelle von Texas wegen erwiesener Unschuld freigelassenen Afroamerikaners Clarence Brandley hat das erneut bewiesen .,235
freigelassen,An der Begegnung nahm auch der nach lfljähriger Haft von Südafrika kürzlich freigelassene SWAPO- Gründer Herman Toivo teil .,369
freigelassen,An der Begegnung nahm auch der nach lfljähriger Haft von Südafrika kürzlich freigelassene SWAPO- Gründer Herman Toivo teil .,235
freigelassen,Ein Teil dieser jetzt freigelassenen früheren SPD-Mitglieder hat sich besonders schwerer Verbrechen schuldig gemacht und konnte nur wegen ihres entsprechenden Verhaltens während der Haftzeit entlassen werden .,369
freigelassen,Ein Teil dieser jetzt freigelassenen früheren SPD-Mitglieder hat sich besonders schwerer Verbrechen schuldig gemacht und konnte nur wegen ihres entsprechenden Verhaltens während der Haftzeit entlassen werden .,235
freigelassen,"Manitcin , der erst kürzlich freigelassene Kriegsverbrecher , befahl als Oberbefehlshaber des Südabschnitts der Ostfront die grausame Ermordung unzähliger sowjetischer Kriegsgefangener und Bürger durch SS-Einsatzkommandos . ",369
freigelassen,"Manitcin , der erst kürzlich freigelassene Kriegsverbrecher , befahl als Oberbefehlshaber des Südabschnitts der Ostfront die grausame Ermordung unzähliger sowjetischer Kriegsgefangener und Bürger durch SS-Einsatzkommandos . ",235
freigelassen,"Mit diesen Worten leitet die „ Revue "" einen Bericht über das Treiben der freigelassenen SS-Mörder Theodor Grover und Robert Mohr ein . ",369
freigelassen,"Mit diesen Worten leitet die „ Revue "" einen Bericht über das Treiben der freigelassenen SS-Mörder Theodor Grover und Robert Mohr ein . ",235
freigelassen,Den inzwischen wieder freigelassenen Schülern droht nach jüngsten Informationen ein Verfahren .,369
freigelassen,Den inzwischen wieder freigelassenen Schülern droht nach jüngsten Informationen ein Verfahren .,235
freigelassen,"Bekanntlich sind auf Befehl der USA Tausende der in Korea widerrechtlich „ freigelassenen "" chinesischen Kriegsgefangenen in der vorigen Woche nach Taiwan verschleppt worden um sie dort in Soldnerdienste zu pressen . ",369
freigelassen,"Bekanntlich sind auf Befehl der USA Tausende der in Korea widerrechtlich „ freigelassenen "" chinesischen Kriegsgefangenen in der vorigen Woche nach Taiwan verschleppt worden um sie dort in Soldnerdienste zu pressen . ",235
freigelassen,"Sieben in Großbritannien , der Schweiz und in Westdeutschland freigelassene Araber sind an Bord einer britischen Militärmaschine in Kairo eingetroffen , meldet MENA . ",369
freigelassen,"Sieben in Großbritannien , der Schweiz und in Westdeutschland freigelassene Araber sind an Bord einer britischen Militärmaschine in Kairo eingetroffen , meldet MENA . ",235
freigelassen,"Der gemeinsam mit Camacho freigelassene Journalist Nicolas Sartorius verwies darauf , daß Hunderte politische Gefangene weiterhin in den Kerkern schmachten und keine Hoffnung auf eine baldige Freilassung haben . ",369
freigelassen,"Der gemeinsam mit Camacho freigelassene Journalist Nicolas Sartorius verwies darauf , daß Hunderte politische Gefangene weiterhin in den Kerkern schmachten und keine Hoffnung auf eine baldige Freilassung haben . ",235
freigelassen,"Da haben wir das Programm jener Amerikaner , denen die Adenauer , Schumacher und Reuter Treue und Gefolgschaft schwören : der Aggressionskrieg soll in Ungarn und Polen die mllitär-faschistischen Zustände der Horthv- und Pilsudski- Zeit wiedereinführen , den französischen Krupp , Schneider-Creuzot , wieder in der Tschechoslowakei mächtig machen und die Junker samt dem von den Amerikanern freigelassenen Kriegsverbrecher Flick erneut zu Herren zwischen Elbe und . ",369
freigelassen,"Da haben wir das Programm jener Amerikaner , denen die Adenauer , Schumacher und Reuter Treue und Gefolgschaft schwören : der Aggressionskrieg soll in Ungarn und Polen die mllitär-faschistischen Zustände der Horthv- und Pilsudski- Zeit wiedereinführen , den französischen Krupp , Schneider-Creuzot , wieder in der Tschechoslowakei mächtig machen und die Junker samt dem von den Amerikanern freigelassenen Kriegsverbrecher Flick erneut zu Herren zwischen Elbe und . ",235
freigelassen,"Unter den zuerst Freigelassenen werden sich die Marschälle Manstein , Kesselring und von List sowie die Generale Hoth und Reinicke befinden . ",369
freigelassen,"Unter den zuerst Freigelassenen werden sich die Marschälle Manstein , Kesselring und von List sowie die Generale Hoth und Reinicke befinden . ",235
freigelassen,"Die in die BRD freigelassenen Malteser- „ Helfer "" , so wird in dem offenen Brief festgestellt , bezeichnen auch heute noch die „ USA-Kriegsverbrecher als ihre besteh Freunde "" . ",369
freigelassen,"Die in die BRD freigelassenen Malteser- „ Helfer "" , so wird in dem offenen Brief festgestellt , bezeichnen auch heute noch die „ USA-Kriegsverbrecher als ihre besteh Freunde "" . ",235
freigelassen,Bei den freigelassenen Haftungen handelt es sich um 14 Männer und eine Frau,369
freigelassen,Bei den freigelassenen Haftungen handelt es sich um 14 Männer und eine Frau,235
freigelassen,"Lucipor , der freigelassene Sklave , und Claudias Vater Servius , ein in . ",369
freigelassen,"Lucipor , der freigelassene Sklave , und Claudias Vater Servius , ein in . ",235
freigelassen,"Feuerwehr und andere Vereine am Mittwochabend in Niederknieten bei Mönchen - Gladbach den freigelassenen Kriegsverbrecher , SS-Generalmajor Kurt Meyer ( Panzer-Meyer ) . ",369
freigelassen,"Feuerwehr und andere Vereine am Mittwochabend in Niederknieten bei Mönchen - Gladbach den freigelassenen Kriegsverbrecher , SS-Generalmajor Kurt Meyer ( Panzer-Meyer ) . ",235
freigelassen,"Kefcselring . der Henker von Marzabotto . dem italienischen Lidice , dieser von den Engländern au .s dem Gciingnis von Werl freigelassene Kri^g*- \ £ rbiecher , hat erst in diesen Tagen in einer britischen Fernsehsendung erklärt , er habp e « immer hednueii . daß für aie Im ision EneUnds damals keine a usreichenden Voroereitunsen getroffen u uiden ",369
freigelassen,"Kefcselring . der Henker von Marzabotto . dem italienischen Lidice , dieser von den Engländern au .s dem Gciingnis von Werl freigelassene Kri^g*- \ £ rbiecher , hat erst in diesen Tagen in einer britischen Fernsehsendung erklärt , er habp e « immer hednueii . daß für aie Im ision EneUnds damals keine a usreichenden Voroereitunsen getroffen u uiden ",235
freigelassen,"Jetzt , wo ein Skandal den anderen jagt , wo es eine Senatskrise ohnegleichen gibt , ist ein freigelassener Wille sicherer als ein eingesperrter .",369
helfen,Ein abgedankter Soldat hatte nichts zu leben und wußte sich nicht mehr zu helfen .,843
helfen,"Wo der Saz grammatisch und logisch vollständig und geschlossen ist und nur die Erklärungsmittel für einen einzelnen Ausdruck fehlen , da darf man nicht durch divinatorische Änderungen helfen wollen . ",630
helfen,"Hört es dann von einem Sterbenden , so wohnt es ihm gern mit seinem Gebete , Pflege und Trost bei bis an’s Ende ; und wenn das erfolgt ist , hilft es nach allem Vermögen den Leib christlich und ehrlich zu bestatten . ",630
helfen,"„ Wer du auch bist , du Wandersmann , sprach er , hilf einem Verirrten , einem Suchenden , einem alten Manne , der hier leicht zu Schaden kommt ! ",630
helfen,"Denn es sei ja nöthig , fromme Leute ( preußisch-fromme ! das Wupperthal kennt sie ! ) zu Wahlmännern zu nehmen , damit diese ihrerseits einen recht frommen (Eichhorn-Leo-Lämmel-brüderischen ) Deputirten nach Berlin wählen hülfen . ",630
helfen,"„ Im Winter muß er in die Schule gehen “ , erklärte der Großvater , „ da lernt man lesen und schreiben und das geht manchmal schwer , da hilft s ein wenig nach , wenn man am Griffel nagt , ist s nicht wahr , General ? “ ",843
helfen,"— Glücklicherweise kam Bruno nach ein oder zwei ängstlichen Minuten wieder ans Land geschwommen , und Herr Stein half ihm beim Heraussteigen , dann gingen sie beide lachend von dannen und ließen mich mit dem nassen Hut in der Hand — ein rührendes Bild — ganz allein stehen . ",630
helfen,"Wie jedes , oder nach dem Glauben Einiger doch manches Schiff seinen Kalfater oder Klabatermann hat , der den Schiffer warnt , dem Schiffsvolke hilft und das Schiff bis zum letzten Augenblicke beschützt , ist schon unter den Sagen erzählt . – ",630
helfen,"Dann — gnädiger Gott , hilf ! — gab ich dem Tiere die Schenkel , zog es empor und riß es herum . ",843
helfen,"Aber weil du kein böses Herz hast und ichs gut mit dir meine , so will ich dir eins erlauben : wenn du in Noth geräthst , so geh zu dem Wald und rufe ‘Eisenhans ,’ dann will ich kommen und dir helfen . ",630
helfen,"„ Ich frage Euch , N. N. , ob Ihr gehört habt das ehehafte Gericht anschlagen , rufen und bieten , ob es auch an der Zeit , am Jahr und am Tag , daß ich wohl möge niedersitzen mit sammt einem ehrsamen Gericht und denen Leuten zu Recht helfen und richten über Liegendes und Fahrendes , über Lehen und Erbe , über Eigen und Alles , was der Reiche und der Arme , der Fremde und der Einheimische für mich und ein ehrsames Gericht zu bringen , zu berichten und zu beurtheilen hat , und dasselbige Kraft und Macht haben , wie auch ein ehehaftes , gesetztes und gebotenes Gericht es haben solle ? ",843
helfen,"„ Ich habe nichts dawider , sagte Goethe , daß ein dramatischer Dichter eine sittliche Wirkung vor Augen habe ; allein wenn es sich darum handelt , seinen Gegenstand klar und wirksam vor den Augen des Zuschauers vorüberzuführen , so können ihm dabei seine sittlichen Endzwecke wenig helfen und er muß vielmehr ein großes Vermögen der Darstellung und Kenntniß der Bretter besitzen , um zu wissen , was zu thun und zu lassen . ",843
helfen,"Da sprach der Kaufmann ‘ wenn du mir helfen könntest , wollt ich dir es wohl sagen . ’ ‘ Wer weiß ,’ antwortete das schwarze Männchen , ‘vielleicht helf ich dir . ’ Da erzählte der Kaufmann daß ihm sein ganzer Reichthum auf dem Meer zu Grunde gegangen wäre , und hätte er nichts mehr übrig als diesen Acker . ",630
helfen,"Wer durfte also den Schwachen zumuthen , daß sie sich ohne Noth Verlegenheiten bereiteten um dem Starken zu helfen ? ",843
helfen,"Wenn unser Dichter den Löwen einen Wüstenkönig nennt , so hat er uns zu einem glücklichen Worte geholfen . ",843
helfen,"Ich sah sie täglich ohne Hindernisse , sie half die Speisen bereiten , die ich genoß , sie brachte mir wenigstens Abends den Wein , den ich trank , und schon unsere mittägige abgeschlossene Tischgesellschaft war Bürge , daß das kleine , von wenig Gästen außer der Messe besuchte Haus seinen guten Ruf wohl verdiente . ",630
helfen,"doch unser einer ist flüchtig ! ’ Es zog sein Schwert und versetzte jedem ein paar tüchtige Hiebe in die Brust , dann gieng es hinaus zu den Reitern und sprach ‘ ich habe beiden den Garaus gemacht , hart ist es hergegangen , und sie haben in der Noth Bäume ausgerissen und sich gewehrt , aber es hilft alles nicht wenn einer kommt wie ich , der siebene auf einen Streich schlägt . ’ ‘ Seid Jhr denn nicht verwundet ? ’ fragten die Reiter . ",630
helfen,"Der Realist hilft sich hier mit irgend einem naturgemäßen Seufzer , einem „ ach ! o ! ihr Götter ! einer stummen Ohnmacht , wofür sich in den Werken unserer Sturm- und Drangautoren , z. B. in den Dramen von Klinger , die zahlreichsten Proben finden . ",843
helfen,"Aber in meinem jetzigen Zustande hilft mir ein toller Poet nicht , ich bin selbst toll genug , ich werde den frommen Novalis lesen . ",843
helfen,"Strafet uns , aber helft uns früher ; je mehr ihr uns beistehen werdet , um so weniger werdet ihr uns strafen müssen . ",630
helfen,"Da hub es an zu schreien und zu heulen , aber das half nichts , es mußte immer auf seine Nase sehen , wie die so weit hinausstand . ",843
helfen,"Aber was hätte sein können und nicht geworden ist , macht wirklich unglücklich , und kein Trost hilft , daß die Welt weit sei und hinter dem Berge auch noch Leute wohnen ; denn nur das Gegenwärtige , was man kennt , ist heilig und tröstlich , und es ist jammerschade um jedes todtgeborene Lebensglück . ",843
helfen,"Ha , Lady Dorothea , seyd gegrüßt ; Seht mal den Spanier an , der steht am Pfeiler So starr und maulverbissen , das es scheint Er muß der Decke Wölbung tragen helfen : ",630
helfen,Gemeinsam mit Studenten aus der DDR helfen zwei junge Studenten aus Nepal in der Kooperation Kotelow bei der Ernte .,630
helfen,"1956 den Kampf gegen die Konterrevolution , weit über die Grenzen des Landes bekannt wurde in jenen Tagen der Name des 37. Budapester Revolutionären Regiments , dessen Kämpfer härtesten Prüfungen standhielten und als treue Waffenbrüder der Sowjetarmee die Konterrevolution zerschlagen halfen . ",843
helfen,"Selbstverständlich für eine Jugend , die ; voller Elan und Begeisterung hilft , den Sozialismus aufzubauen . ",843
helfen,In ihrer traditionellen Thronrede zur Eröffnung der neuen Sitzungsperiode des Parlaments hat die britische Königin Elizabeth II. am Dienstag in London ausgewogene Maßnahmen der Rüstungskontrolle und ein weltweites Verbot von Chemiewaffen befürwortet Der bevorstehende Besuch von Michail Gorbatschow im Dezember in Großbritannien solle die Beziehungen zwischen beiden Ländern verbessern helfen .,843
helfen,Wir rufen die FDJler der Zulieferbetriebe unserer Werft auf : Helft aktiv mit . daß die Lieferungen termingerecht und in höchster Qualität erfüllt werden .,630
helfen,"Man hilft nicht etwa mit , durch Verwendung von Normteilen die Erfindung billiger zu gestalten , nein , man mutet alle diese Untersuchungen und Ausgaben mir als dem Erfinder zu . ",843
helfen,"Dieser Tage konstituierte sich In Berlin die MEGA-- STIFTUNG Berlin e. V Sie versteht sich als eigenständige , parteienunabhängige Vereinigung , die helfen will , das wissenschaftliche Werk von Karl Marx und Friedrich Engels als International unbestrittenen Teil europäischen humanistischen Kulturerbes zu bewahren , zu edieren und kritisch zu erschließen . ",843
helfen,Die Aktivistin übt mit ihren Kollegen tätige Solidarität mit dem kämpfenden Vietnam und hilft mit bei der Betreuung von Waisenkindern .,630
helfen,"Anstelle der Aufwendungen für nukleare Waffen sei es ein Erfordernis der Vernunft und der Menschlichkeit , den Hungernden und Bedürftigen in der Welt zu helfen . ",630
helfen,"Wir haben aus der ganzen Republik alle Spezialisten zusammengeholt , die uns bei der Identifizierung der Opfer helfen können , und ich möchte sagen , es wird auch hier alles , was in unseren Kräften steht , getan , um möglichst die Identifizierung durchführen zu können . ",630
helfen,"„ Die differenzierte analytische Arbeitsweise hilft mir dabei . "" ",843
helfen,"Die MTS sind verpflichtet , auch dem Einzelbauer tatkräftig zu helfen .  ",630
helfen,"Seine Zulieferungen haben wesentlichen Einfluß auf das Erfüllen bedeutender Exportproqramme , die lebenswichtiqe Importe aus der Sowjetunion sichern helfen .   ",843
helfen,"Für die Dauer der Weltfestspiele werden sachsische Industriearbeiter und -arbelterinnen zusätzlich oder in ihrem Urlaub bei der Ernte helfen und dazu beitragen , daß Jugendliche der Landwirtschaft an den Weltfestspielen in Berlin teilnehmen können .  ",630
helfen,"In der Zeit , als eine große Gruppe Magdeiburger Monteure in Charzysk die Anlagen aus dem Thälmann-Werk aufzubauen halfen , war sie im baschkirischen Ort Bjelorezk an ähnlichen Magdeburger Maschinen ausgebildet worden .  ",630
helfen,"Grunert and Eisenhat , treffen nach dem 1. Mai In Furstenberc zusammen , um an dem Aufbau des Eisenhüttenkombinats Ost ( EKO ) zu helfen .   ",630
helfen,"Ich dachte , daß du uns dabei ein bißchen helfen könntest .  ",630
helfen,"Der Weltfriedensrat befürwortet diese Resolution und hilft , eine breite Solidaritätsbewegung für die betroffenen arabischen Völker zu organisieren .  ",843
helfen,Die 16 Mitglieder des Kollektivs Stufenschal terkonstruktion helfen durch bessere Arbeit Zeit sparen .,630
helfen,",u hilft nur aus , erklärte man mir . .Wer hat ihn denn dafür gewonnen ? fragte ich . ",630
helfen,wesen in der Mongolischen Volksrepublik und in Kuba erweitern helfen .,843
helfen,"Der Artikel wird uns helfen , die Sortimentsbildung von kulturvollen Souvenirs als ein wichtiges handelspolitisches Problem zu behandeln und In Kooperation mit den Leitungsorganen der Industrie zu lösen .  ",843
helfen,"nen zuweilen noch die qualitative Seite der Planerfüllung verdeckt , wollen ¦ wir 1964 unser modernes Prüfverfahren noch weiter durchsetzen helfen .  ",843
helfen,Fred half Heinz auch beim Herstell n der wenigen Dekorationen .,630
helfen,"die Innen- und Außenpolitik eines Landes nicht trennen ließen ; Wer wollte auch im < Ernst daran glauben , daß man Innenpolitisch Opposition betreiben könne , wenn man vorher der aggressiven Außenpolitik des Staates zustimmt und die Militaristen in den Sattel heben half ? 1933 war das ganz ähnlich .  ",843
Mauer,"Die steilen Mauern führten uns , durch die Schneeregion , zu einem gegen den Gipfel gerichtetn schmalen Grath , einem Felskamm , der es uns allein möglich machte , vorzudringen , denn der Schnee war damals so weich , dass man fast nicht wagen konnte , seine Oberfläche zu betreten . ",1404
Mauer,"Nach kurzem Aufenthalt in der Stadt bezogen sie ein kleines Haus auf dem Monte Pincio , bei der Vigna Capisucchi , aus der später die Villa Medici geworden , wo damals , obwohl innerhalb der Mauern von Rom eine tiefe Einsamkeit war : hier lebten sie in der Armuth , die sie sich vorgeschrieben , in geistlichen Uebungen , in dem genau vorgezeichneten und alle Monat wiederholten Studium der Evangelien : dann gingen sie nach der Stadt herab , um zu predigen . ",1404
Mauer,"Er bestiehlt die Bank von Frankreich um 25 Millionen Franks , kauft den General Magnan mit einer Million , die Soldaten Stück für Stück mit 15 Franks und mit Schnaps , findet sich wie ein Dieb in der Nacht mit seinen Spießgesellen heimlich zusammen , läßt in die Häuser der gefährlichsten Parlamentsführer einbrechen und Cavaignac , Lamoricière , Leflô , Changarnier , Charras , Thiers , Baze rc. aus ihren Betten entführen , die Hauptplätze von Paris sowie das Parlamentsgebäude mit Truppen besetzen und früh am Morgen marktschreierische Plakate an allen Mauern anschlagen , worin die Auflösung der Nationalversammlung und des Staatsraths , die Wiederherstellung des allgemeinen Wahlrechts und die Versetzung des Seinedepartements in Belagerungszustand verkündet werden . ",1404
Mauer,"Obgleich das ganze riesige Werk von einer gemeinschaftlichen Mauer umgeben war , so waren doch im Innern die verschiedenen Betriebe technisch und kaufmännisch scharf getrennt und verkehrten miteinander , wie wenn es verschiedene Unternehmen wären . ",1404
Mauer,"Auf der Hinterseite des Herdes war eine kleine Mauer ( w ) aufgeführt , in der sich in der Höhe der Gichtplatte eine Öffnung z , um die Stahlstangen zum Wärmen vor dem Härten durchzustecken , befand . ",1404
Mauer,"Das ewige Lied der Schöpfung verhallet an dieser starren Mauer zuletzt in einen einzigen Ton , der ohne Wechsel immer derselbe fortklingt , dessen Vibrationen die immer sterbenden und als dieselben wiederkehrenden Geschlechter sind , und das zur todten metallnen Schlange gewordne Weltall , ist ein immer , da wo er endet auch wieder beginnender Ring geworden . ",1459
Mauer,"Versteht er sie nicht , so haben die Jnteressen , an welche sich die Menschen der Jeztwelt einmal bis aufs äußerste anklammern , eine so starke Mauer gegen die anschwellende Fluth einer Volksbewegung gezogen , daß eine allgemeine Ueberschwemmung der schönen Resultate , die wir durch eine langjährige Erfahrung gewonnen haben , nicht mehr zu befürchten steht . ",1459
Mauer,"Chinesische Nachrichten reden aber von einem indogermanischen Stamme den sie Usen nennen , mit blonden Haaren und blauen Augen angeben , und zwischen dem Baikalsee und der chinesischen Mauer gewohnt haben soll . ",1404
Mauer,"Es ist wohl nicht ohne Grund geschehen , dass man die schönsten Tempel der Mauer so nahe baute . ",1404
Mauer,Im inneren Kleinasien war die Räuberwirthschaft endemisch ; in Africa und im jenseitigen Spanien machte sie es nöthig alle ausserhalb der städtischen Ringmauern angelegten Gebäude mit Mauern und Thürmen zu befestigen .,1404
Mauer,"Und er führte und schob ihn in ein noch dunkleres Verlies , das hinter dem Laden lag und sein Licht nur durch eine schmale Schießscharte empfing , die in der feuchten schimmligen Mauer sich aufthat . ",1404
Mauer,"Drittens : Falls die Mauer das Vielfache einer Steinbreite , also 1½ , 2½ , 3½ u. s. w. Ziegel stark ist , ordnet man wie vorhin in der Streckerschaar neben der durchgehenden Läuferschaar 1 , 2 , 3 u. s. w. Kopfstücke ( k ) hintereinander an , außerdem legt man in die hintere Läuferreihe der Streckerschaar hinter das letztere Kopfstück ein Dreiquartier d , wie Fig. 36 B , C und E zeigen . ",1404
Mauer,"Nur manchmal kam es ihm vor , als lange ein langer Arm über die Mauer herüber nach dem Knaben . ",1404
Mauer,"Anderthalb Jahrhunderte nach Edrisi versetzte Marco Polo die Mauer Magog gar in das Gebirge In-schan , östlich von der Hochebene Gobi , gegen den Fluß Hoang-ho und die chinesische Mauer hin : von der ( sonderbar genug ) der berühmte venetianische Reisende eben so wenig spricht als vom Gebrauch des Thees . ",1404
Mauer,"Die medizinische Schule von Galataserai , die an Jenitscharfi , obwohl durch eine Mauer davon getrennt , anstieß , ist gleichfalls abgebrannt . ",1404
Mauer,"Das Baptisterium beim Lateran in Rom ( 432—440 ) hat nichts Ursprüngliches mehr als seine Doppelstellung von Säulen mit geraden Gebälken und die Mauern , nebst der von zwei grossen Porphyrsäulen gestüzten , in zwei halbrunde Nischen auslaufenden Vorhalle ( gegen den Hof ) . ",1404
Mauer,"Auf der Schwarzwälder Uhr hatte eben der kleine Kunstvogel zehn Mal unter Flügelschlagen sein „ Kukuk “ gerufen , und Richard holte den großen Schlüssel aus seiner Schlafkammer , um , wie jeden Abend , das große Hofthor in der Mauer abzuschließen . ",1404
Mauer,"Haben die Leitungen Mauern zu durchsetzen , so muß entweder jede Leitung mit einer Hartgummi- oder Glasröhre umgeben werden ( F ) oder man führt bei kleineren Leitungen beide in einem gemeinschaftlichen Rohre , überzieht aber jede Leitung mit einem Gummischlauche . ",1404
Mauer,"Sultan Mohammed hatte zu Adrianopel von dem Dänen Urban eine Kanone gießen lassen , welche Steinkugeln von 600 Pfd. schoß ; ein funfzigtägiger Marsch führte sie bis unter die Mauern von Byzanz , und neben ihr standen noch zwei ähnliche Riesengeschütze ; es war nicht möglich , sie öfter als siebenmal des Tages zu laden und abzuschießen . ",1404
Mauer,"Es liegt , weiß angestrichen mit seinen unzähligen flachen Giebeln ( jedes Stückchen Mauer an dem unzähligeckigen Gebäude ist gekrönt ) mitten in einem scheinbar anmuthigen Garten , dessen Cypressen und Obstbäumchen uns über die Mauer entgegenwinkten . ",1404
Mauer,Aus diesem Grunde pflegt man solche Mauern vom Fundamente an ganz unabhängig von einander herzustellen .,1404
Mauer,"Ein thebanischer Held , der auf der Mauer nicht ferne seinen Posten hatte , Periklymenus , beobachtete seine Anstrengungen , und riß , als es höchste Zeit war , ein Stück der steinernen Brustwehr von der Mauer , so groß , daß es eine ganze Wagenlast ausgemacht hätte ; dieser Wurf zermalmte dem Stürmer sein blondgelocktes Haupt und zerriß ihm die Knochen , daß er zerschmettert zu Boden stürzte . ",1404
Mauer,"Der Herzog will sich nämlich nicht schlagen ; er verkriecht sich hinter seine Souveränetät und behauptet , daß im unglücklichen Falle alle Bäche und Flüsse von den Thränen seiner Unterthanen zu reißenden Strömen angeschwemmt , Häuser und Weingärten hinwegreißen würden , daß sein etwaiger Tod das europäische Gleichgewicht stören könne u. s. w. , kurz , jemehr sich der Herzog weigert , auf ein Duell einzugehen , desto gewaltiger schwillt unserm Falstaff-Schnapphahnski der Kamm und als der Herzog endlich sein letztes Wort gegeben , da erklärt ihm der edle Ritter , daß der Herzog , wenn er sich wirklich dauernd hinter seiner Souveränetät verstecke , auch in seinem Herzogthum bleiben und sich mit einer chinesischen Mauer umgeben müsse , denn an jedem andern Orte werde Se. Hochgeboren so frei sein , den unübertrefflichen Souverän mit der Hundspeitsche zu bedienen . ",1404
Mauer,"Um die Kante , mit welcher das Gebälk sich an die Mauer lehnt , richtig zu zeichnen , verfahre man in folgender Weise : ",1404
Mauer,"Die Schildbogenrippe kann sich , wenn sie überhaupt vorhanden ist , stumpf gegen die Mauer legen oder in diese eingebunden sein ( siehe s in Fig. 443 A ) . ",1404
Mauer,"Leistungsreserven erschlossen und eine höhere Arbeitsproduktivität erzielt werden können Dreier- oder Fünfermethode beim Mauern , Schnelldrehen , Schnellschmelzen , Mehrspindel- und Mehrstuhlbedienung sind nur einige dieser neuen Arbeitsmethoden . ",1404
Mauer,"Die sportbegeisterten Einwohner der sowjetischen Hauptstadt würden sich glücklich schätzen , die besten Studentensportler der Welt in ihren Mauern begrüßen zu können , versicherte der Vorsitzende des Exekutivkomitees , Wladimir Promyslow . ",1404
Mauer,"Unser Fremder zog sein Pferd hinter eine Ecke der Mauer , wo es einigermaßen gegen Sturm und Regen geschützt stand , nahm seinen Mantelsack zur Hand und pochte laut um Einlaß . ",1404
Mauer,DDR : Durch Reagans Äußerung wird die Mauer nicht durchlässiger,1459
Mauer,"„ Da ist die Mauer , und die DDR-Leichtathleten müssen zu Hause bleiben . ",1459
Mauer,Ihren endgültigen Standort erhalten die Teile der Berliner Mauer Ende April an einem Ort bei Paris .,1404
Mauer,"Wie ein weißer Fleck leuchtete die neue Schule , die Sonne glänzte in ihren großen Fensterscheiben , weiß schimmerte die lange Mauer der kollektivwirtschaftlichen Viehfarm . ",1404
Mauer,"Sie stießen jedoch auf die undurchdringliche Mauer der Ausbeuterherrschaft , die nationale Unterdrückung erzeugt und erhält . ",1459
Mauer,"Redaktionskollegiums HdUolf HOrrflitkÖt lCh « frfed* ktfeUr ) , Held » fr r l « « H 6 GeriUrfl K e g • I otelivertt . Chefredakteure ) , Rtiberl K 8 1 1 # Wiih . ä I r « u waltef F r a n i e. - RedaKtion . Neues Deutschland  Berlin W a Mauer stl »9 40 relefon » 25681 ( Tag- und Nachtdienst ) . -Verlag M 64 gdiönhaUBet Allee 176 , telBfärl 42 59 61 . - ",1404
Mauer,"Er war mit großen grauen Steinen gepflastert und ringsherum von einer Mauer umgeben , auf der Stacheldraht entlanelief . ",1404
Mauer,"Wenn die Haftwurzeln an der Mauer keine Stelle zum Eindringen finden , erleidet die Wand keinen Schaden . ",1404
Mauer,"Und dann bat er uns : „ Halt doch mal die Mauer fest , det se nich umkippt .",1404
Mauer,"Gleichzeitig erhielten bekannte jüdische Bürger der Stadt anonyme Drohbriefe , und verschiedene Mauern wurden mit antisemitischen Hetzparolen beschmiert .",1404
Mauer,"Ehe der Gipfel , der erste seit fast 17 Jahren möglich wurde , mußte eine Mauer des Mißtrauens abgetragen werden . ",1459
Mauer,"Michael Kra- Fall 17.30 Uhr , Slam Dance-20 Uhr . 20 Uhr. Provinz ( Provinzstr. 30 ) , Sonntag , 10.00 Uhr , im Apollo- Mauer auf der Lauer , 15 Uhr ; mer ( Premiere ) , 20 Uhr ; Schau- Union , Bolek und Lolek im Wil- Mary Poppins 15.30 Uhr , Tango Saal der Deutschen Staatsoper Sonnabend Hebbel-Theater ( Stresemannstrabühne : Roberto Zucco , 20 Uhr ; den Westen 15 Uhr , Platoon 17.30 , Cash 18. 20.30 Uhr , Heavy Metal spricht der Intendant des Senders Deutsche Staatsoper ( 20047 62 ) ße 29 ) ? Le Tnomphe de l Amour , Renaissance-Theater Eines lan- 20 Uhr . ",1404
Mauer,"An der Mauer der Föderierten auf dem Friedhof „ Pere-Lachaise "" legten die Vertreter der SED einen Kranz mit der Aufschrift „ Den unsterblichen Helden der Kommune von Paris "" nieder . ",1404
Mauer,"Ehe man aber durch die Mauern brach , kamen die Schlosser sehr schnell auf die Idee , die Mlaschine mit dem Schweißbrenner vertikal zu zerlegen und dann mit Laschenkonstruktionen wieder zusammenzufügen .  ",1404
Mauer,"Zahllose Sportler aus allen Teilen Deutschlands weilen zu dieser Stunde in den Mauern Perlins , um mit den Berliner Mannschaften , und Sportvereinigungen ihre Kräfte zu messen . ",1404
Mauer,"Das war in La .Rochelle , wo die Amerikaner die U-Boot-Bunker der Nazis wiederherrichten wo sie Stacheldrahtzäune um dip Munitionslager ziehen und Wachttürme an den Straßen aufstellen , wo sie die Arbeitslosen zur Arbeit an ihren Flugplätzen zwingen wo aber auch Nacht für Nacht die Jungen und Mädchen — verfolgt von MP-Streifen auf Jeeps — „ Go home ! "" an die Mauern schreiben , wo die hungernden Docker sich immer wieder weigern , Waffenschiffe zu entladen , und wo die Betriebsbelegschaften zu 90 bis 95 Prozent gegen die Remilitarisierung Westdeutschlands unterschrieben haben . ",1404
Mauer,"Erstens sind unsere Mauern im Gegensatz zu denen von Jericho so hoch und fest , daß weder Gottes noch des Teufels Hilfe es ihm gestattete , darüber hinwegzusetzen . ",1404
Mauer,Weidland und Äcker zu beiden Seiten Der Grolien Mauer .,1404
Mauer,Die Angeklagten sind von dem französischen Volk durch eme Mauer getrennt .,1404
Mauer,Die rings um das Anwesen führende niedrige Mauer war bröcklig und zudem nur durch ein windschiefes Holztor geschützt .,1404
Mauer,— Dann hätte es mit Sicherheit keine Mauer gegeben .,1404
Mauer,— Dann hätte es mit Sicherheit keine Mauer gegeben .,1459
Vorbereitung,"Nachdem im vorhergehenden Capitel darauf aufmerksam gemacht wurde , wie nöthig es sei , bei der Vorbereitung eines Dreijährigen für ein Rennen mit grösster Vorsicht zu Werke zu gehen , wollen wir in diesem Abschnitte einige Fingerzeige über die Art und Weise geben , wie das Training vor sich gehen soll , wenn die Zeit herannaht , wo man das junge Thier auf die Traberbahn bringen will .",345
Vorbereitung,"Neben diesen Gymnasien bestehen noch „ Alumnate “ aus der ständischen Zeit , priesterliche Gymnasien mit eigener Verwaltung , die mit der Schulordnung nur nicht „ in Widerspruch stehen dürfen “ ( Schulordnung §. 99. Concordat und Vollzugsverordnungen vom 8. April 1852 ) und außerdem noch „ Lyceen “ mit zweijährigem Cursus für „ philosophische “ Disciplinen als Vorbereitung für die Universität , die entweder nothwendig sind und dann den Gymnasien allgemein eingeordnet werden , oder überflüssig und dann aufgehoben werden müßten ; ganz unorganisch ist die Bestimmung , daß ihre „ Vorlesungen “ dann der Universitäten gleich geachtet werden müßten ( vgl. Pözl , Verwaltungsrecht §. 194. 195 ) .",345
Vorbereitung,"Nachdem dies geschehen war , machte Yoritomo Vorbereitungen , um von Kamakura aus Kiôto zu besuchen .",345
Vorbereitung,"— Diese neue Einrichtung soll , nachdem die desfalls erforderlichen Vorbereitungen beendigt worden sind , mit dem 1. Dez d. J. zur Ausführung kommen .",345
Vorbereitung,"Das Comité , welches seit längerer Zeit die umfassendsten Vorbereitungen für diesen Ball getroffen hat , kann auf einen glänzenden Erfolg rechnen .",345
Vorbereitung,"Mit diesen Lesern also , welche es sich gefallen lassen wollen , einige Stunden zur Vorbereitung auf ihre Reise zu verwenden , um wenigstens die ersten Elemente der Sprache , die man in jenen Gegenden spricht , sich eigen zu machen , mit denen glaube ich , wohlgemuth und in der Hoffnung eines glücklichen Erfolgs , unsere Wanderung antreten zu können .",345
Vorbereitung,"Die Baugeschichte des Reichstagshauses hatte in dem Zeitpunkt , als Wallot an die Ausführung des Bauwerks herantrat , bereits viele Stadien der Vorbereitung durchlaufen .",345
Vorbereitung,"2. Den Landwehr-Bezirkskommandeuren liegt die Kontrole der Personen des Beurlaubtenstandes , insbesondere die Führung der Listen und die Anordnung der Kontrolversammlungen ob; ferner die Vorbereitung aller zur Formirung der Landwehrbataillone erforderlichen Maßregeln .",345
Vorbereitung,Ihrer schönen und leuchtenden Farben wegen werden die Federn vielfach ohne weitere Vorbereitung als Schmuckfedern verwendet .,345
Vorbereitung,"E. F. Dürre , Die Anlage und Betrieb der Eisenhütten , Bd. 1 , S. 7—199 ( Vorkommen und Zusammensetzung sowie Vorbereitung der Erze und Zuschläge ) .",345
Vorbereitung,"Könnte auch ein Lehrbegriff des teutschen öffentlichen Rechtes , jetzt noch , mehr nicht seyn , als Einleitung oder Vorbereitung zu einem künftigen , mehr und besser ausgebildeten Bundes- und Staatsrecht wenn nicht aller , doch eines grossen Theils der Bundesstaaten , mehr nicht als Begriff- und Formenlehre , eine geordnete Uebersicht der verschiedenen Gegenstände , Begriffe , Grundlagen , Kunstwörter und Formen des öffentlichen Rechtes , womit der ächte Rechtsgelehrte und Staatsmann vertraut seyn , welche der Lehrling lernen muss , so würde eine solche Darstellung darum nicht minder nützlich , ja unentbehrlich seyn .",345
Vorbereitung,"Beide sind gleichmäßig von der Selbstverwaltung der Gemeinde ausgeschlossen ; beide haben keinen Lehrerstand ; beide haben durch den Mangel an jeder gemeinsamen Vorbereitung auch keine pädagogische Literatur ; jedes Gebiet steht für sich selbst da , und in dieser Scheidung drücken sie die tiefe Scheidung zwischen den beiden Klassen der staatsbürgerlichen Gesellschaft , der besitzenden und der nichtbesitzenden aus .",345
Vorbereitung,"Anders ist die Vorbereitung , wenn man nach ausgebrochenem Dachel den heissen Herd für die folgende Charge vorrichten will .",345
Vorbereitung,"Eine solche Vorbereitung , die den künftigen Erbpächtern die Sache ungemein erleichtert , und wodurch man ihnen den Abriß von dem , was sie erhalten werden , in die Hand geben kann , wird solche in Menge herbeiziehn .",345
Vorbereitung,"Was die gegenwärtige Art des akademischen Studiums der neutest. Exegese betrifft , so fehlt es dabei an einer genügenden Vorbereitung .",345
Vorbereitung,"Auf dem Grunde dieser tief eingreifenden psychologischen Vorbereitung konnte der Dichter nun mit vollem Rechte von der poetischen Lizenz Gebrauch machen , den noch übrig bleibenden Vorgang in symbolischer Verkürzung , wie die Sage sie ihm vorzeichnete , durch das unmittelbare Gebot der göttlichen Stimme sich vollziehen zu lassen .",345
Vorbereitung,"Er erging sich in außerordentlich gelehrten Redensarten über das Laufen , er wußte genau , welche und wie lange Vorbereitungen man machen , wie man die Füße regelrecht auswerfen müsse , um einen Dauerlauf oder einen Schnelllauf auszuführen , er rühmte die von ihm verübten Fußthaten .",345
Vorbereitung,"Als in Paris die Vorbereitungen zur Stiftung des Rheinbundes getroffen wurden , ließ Dalberg vorsorglich die Regensburger Versammlung in die Ferien reisen .",345
Vorbereitung,"Als Vorbereitung für die wichtigen Untersuchungen zu denen wir im nächsten Paragraphen schreiten , müssen wir nun die Aufmerksamkeit des Lesers richten auf einige Unterscheidungen , welche sich bei Betrachtung der Propositionen aufdrängen .",345
Vorbereitung,"Dazu dienen vor allen Dingen die Doublier- und die Zwirnmaschinen , Apparate , welche der Franzose Moulins nennt , wesshalb man auch mit Moulinage oft die gesammte Vorbereitung der Haspelseide für ihre verschiedenen Zwecke versteht , durch welche die Fäden die nöthige Gleichmässigkeit , Stärke und Widerstandskraft erhalten .",345
Vorbereitung,"Und da die vier Fischer , welche der Reihe nach tauchen , doch Zeit mit den Vorbereitungen dazu hinbringen , so kommt jeder in der Stunde ein bis zweimal dran . “",345
Vorbereitung,"„ Es liegt in der Natur der Sache , daß , während diese Vorbereitungen im Gange sind , die einzelnen Züge derselben nicht verlautbart werden können , und daß überhaupt inmitten der Märsche und Gegenmärsche nicht jeder Tag ein Ereigniß oder den Bericht über ein solches bringen kann .",345
Vorbereitung,"Nachdem wir in dem letzten Capitel auch die Vorbereitung des Trabers für Rennen über grosse Distanzen besprochen haben , ist unser Thema , das Training des Traberpferdes , eigentlich erschöpft und es erübrigt uns nur noch einige Worte über das Fahren zu sagen , wenngleich es sehr schwierig , wenn nicht unmöglich ist , darüber Regeln aufstellen zu wollen .",345
Vorbereitung,"Die gehörige Vorbereitung des Bodens mit dem Pfluge versteht sich von selbst ; aber nach der letzten Furche thut man wohl , den Acker gleich zu eggen , dann bei trocknem Wetter die Klöße mit der Walze zu pulvern , und darauf wieder recht klar zu eggen .",345
Vorbereitung,"Hemling hat zart und schonend nur die Vorbereitung zur Vollziehung dieses grausamen Urtheils gewählt , und diese bot ihm , abgesehen von dem Gedanken an den zunächstfolgenden Augenblick , eine Fülle schöner malerischer Kontraste , in den wild schnaubenden Pferden , ihren noch wilderen Treibern , und dem Heiligen , der , noch unverletzt , in frommer Begeisterung und ruhiger Erwartung , mit Armen und Beinen an die wilden Rosse gefesselt , da liegt .",345
Vorbereitung,"die gnechiscne Regierung die Verwirklichung von Maßnahmen eingeleitet hat , die unmittelbar der Vorbereitung eines neuen Krieges dienen , meiern r-üe das Territorium Griechenlands den Streitkräften der USA hierfür überlassen hat .",345
Vorbereitung,"Über djese Politik , deren Ziel die Vorbereitung eines Krieges gegen dieUdSSRunddie Volksdemokratien ist . sind alle Völker empört .",345
Vorbereitung,"Zur Vorbereitung auf die Tagung der Volksvertretung gehört auch , daß sich der Volksvertreter einen Überblick über die gesamte Wohnraumlage im Stadtbezirk und die Bauvorhaben verschafft .",345
Vorbereitung,"Wie der Rat der Gemeinde Neuglobsow mitteilt , sind ab 15. August in Vorbereitung der Weltmeisterschaften im Orientierungstauchen der Campingplatz D 33 und der Wanderstützpunkt geschlossen .",345
Vorbereitung,"Auf „ recht unterschiedliche Methoden "" der Vorbereitungen der UdSSR und der USA auf das für November geplante sowjetisch-amerikanische Gipfeltreffen in Genf verwies das Zentralorgan der italienischen KP „ l Unita "" .",345
Vorbereitung,Als Bewährungsprobe besonderer Art für ihre künstlerische und weltanschauliche Arbeit sieht die Kunsthochschule in Berlin- Weißensee die Vorbereitung auf die X. Weltfestspiele an .,345
Vorbereitung,Wir betrachten die Einberufung der Redaktionskommission entsprechend der Vereinbarung von 1957 als die demokratischste Methode der Vorbereitung der Konferenz .,345
Vorbereitung,"Diese drei Grundsätze , die der Vorbereitung unseres Treffens zugrunde gelegt wurden , zeugen in aller Deutlichkeit davon , daß die Verbesserung der sowjetisch-chinesischen Beziehungen nicht gegen ein drittes Land gerichtet ist und in der Endkonsequenz der gesamten internationalen Gemeinschaft dient .",345
Vorbereitung,"Für die Bezirksleitungen ist es eine entscheidende Aufgabe , die Parteiwahlen in den Bezirksparteiorganisationen zielstrebig politisch zu führen , die Kreisleitungen und Grundorganisationen bei der Vorbereitung und Durchführung ihrer Berichtswahlversammlungen und Delegiertenkonferenzen allseitig zu unterstützen .",345
Vorbereitung,"Das Qualifikationsniveau der Facharbeiter wird immer mehr durch technisch-wissenschaftliche Kenntnisse für die Vorbereitung der Produktion , für die Steuerung , Regelung und Programmierung der Produktionsprozesse bestimmt sein .",345
Vorbereitung,"Karlalainen äußerte ferner die Überzeugung , daß die multilateralen Gespräche in Helsinki zur Vorbereitung einer europäischen Sicherheitskonferenz eine Realität für die allernächste Zukunft sind .",345
Vorbereitung,Gleichzeitig erörtern sie neue Aufgaben zur Vorbereitung des XI. Parteitages der SED .,345
Vorbereitung,"Ob es sich um unsere Bereitschaft zur Mitwirkung bei der Bildung eines gesamtdeutschen konstituierenden Rates , um die Vorbereitung gesamtdeutscher Wahlen für eine Nationalversammlung oder um Beratungen zur Vorbereitung eines Friedensvertrages mit Deutschland handelte ; immer haben wir im Interesse der deutschen Nation und der Völker Europas mit allen Kräften für die Wiedervereinigung unserer deutschen Heimat gewirkt",345
Vorbereitung,"Unter diesem Zeichen steht die Vorbereitung der XI. Weltfestspiele der Jugend und Studenten , die in Havanna , Kuba , stattfinden und ein großes Treffen der Weltjugend im Geiste der antiimperialistischen Solidarität , des Friedens und der Freundschaft sein werden .",345
Vorbereitung,"Von engagierter Solidarität mit Vietnam und dem kämpfenden Chile , vom aktiven Wirken während der Weltfestspiele , von Fortschritten in der kulturellen Zusammenarbeit mit den Bruderverbänden sozialistischer Länder und vor allem von der überaus vielfältigen schöpferischen Arbeit zur Vorbereitung des Kongresses konnte berichtet werden ,",345
Vorbereitung,"Mit hintereinander folgenden Erklärungen von Strauß und anderen Führungskräften seiner revanchistischen Partei sowie mit einem 8-Punkte-Plan , den der Generalsekretär der Strauß-CSU vorstellte , wird in den letzten Tagen eine verleumderische Kampagne gegen die DDR mit dem Ziel der Verschärfung der Beziehungen zwischen den beiden deutschen Staaten , der psychologischen Vorbereitung der BRD-Bevölkerung auf die Stationierung der neuen amerikanischen Raketen und einer Wende nach rechts in der Politik der Kohl-Regierung , besonders ihre volle Anpassung an die Reagan-Politik , geführt Dies hat die Reaktion nicht nur der SPD , sondern auch der mitregierenden Partei Genschers sowie",345
Vorbereitung,Diese Prüfungen dienen der Vorbereitung auf die Jubiläums-Friedensfahrt Warschau— Berlin— Prag .,345
Vorbereitung,"Auch weiterhin ist es notwendig , der exakten Vorbereitung und planmäßigen Durchführung der beträchtlichen Investitionen große Aufmerksamkeit zu schenken , um ihre Volkswirtschaft iche Effektivität weiter zu erhöhen .",345
Vorbereitung,"Der Appell der Partei- und Staatsführung zur Optimierung der Zafra 75 erfolgte zu einem Zeitpunkt , da die Arbeiter in der Zuckerindustrie und in allen mit ihr kooperierenden Industriezweigen bereits herausragende Leistungen bei der Instandsetzung der Technik , bei der materiell-technischen Vorbereitung auf die neue Zafra vollbracht hatten .",345
Vorbereitung,"Marschall Sokolowskij habe zugesichert , daß zur Zeit alle Vorbereitungen für die Durchführung der auf Seite 1 bereits geschilderten Maßnahmen getroffen werden .",345
Vorbereitung,Zur Vorbereitung der am 3. Juni 1985 in der DDR-Hauptstadt beginnenden 89. Session des Internationalen Olympischen Komitees und zur Behandlung aktueller Fragen der olympischen Bewegung besucht IOC-Direktorin Monique Berlioux gegenwartig Berlin .,345
Vorbereitung,"Deshalb wurde von Parteimitgliedern gerade in den letzten Wochen der Vorbereitung des Parteitages immer wieder der Kampf um den marxistisch-leninistischen Charakter , um die ideologische Einheit und die organisatorische Geschlossenheit der Partei als eine unverzichtbare Aufgabe bezeichnet .",345
Vorbereitung,Für viele Jugendlich e dienten diese Vorträge ihrer Vorbereitung aul die Jugendweihe Poto : ZentralbUa,345
Vorbereitung,In allen Ländern der Welt verstärken sich täglich die Vorbereitungen für den internationalen Kampftag der Werktätigen .,345
Vorbereitung,"Die westdeutsche Regierung hat bereits mehr Mittel für die Aufrüstung Westdeutschlands ausgegeben , als die direkten Ausgaben des Hitler-Staates für die Vorbereitung des zweiten Weltkrieges betrugen , während sie die Ausgaben für Bildung und kulturelle Zwecke auf ein Minimum beschränkt .",345
Westen,"O lobt Euch nur des Westes Schmeichelwehen , Wenn kräuselnd er ob blauen Flächen zittert Und kaum dem Schilf ein welkes Blatt zerknittert — Ihr stillen Seelen , mögs Euch wohl ergehen !",285
Westen,"Schildert uns nämlich der Seefahrer auf seiner Fahrt gegen Westen Eingeborne mit Haarkronen , so befinden wir uns mindestens hart am 18osten Greenwicher Mittagskreise , weil die Zwillingsinseln Hoorne und Alofa die östlichsten Punkte sind , zu denen sich die Papuanen verbreitet haben , denen jenes Merkmal ausschliesslich zukommt .",285
Westen,"Später , wenn die Wälder längs des Canals vollends ausgerodet sind , werden auch diese Gegenden große Quantitäten pennsylvanischer Steinkohle vermittelst desselben beziehen , und dann erst wird der Transport sehr bedeutend und wegen Gleichstellung der Frachten von Osten nach Westen mit den westöstlichen vortheilhaft werden .",285
Westen,"Die Zeit kündigt sich an , wo das römische Gemeinwesen in einen zwiesprachigen Staat übergehen und der rechte Erbe des Thrones und der Gedanken Alexanders des Grossen aus dem Westen kommen wird , zugleich ein Römer und ein Grieche .",285
Westen,"Wie die norddeutsche Landschneckenfauna zur süddeutschen sich verhält , ärmer an Individuen und Arten und namentlich an eigenthümlichen , nicht weit verbreiteten Arten , so mag sich das Tiefland der grossen chinesischen Ströme zu dem der im Westen und Süden davon liegenden Bergländer verhalten , so dass aus dem Innern China’s uns noch eine grosse Anzahl neuer Arten bevorsteht .",285
Westen,Die Stämme im Süden und Westen Deutschlands ließen sich von solchen Befürchtungen nicht anfechten .,285
Westen,"Es ist das Meer , über das die Phönikier einst nach Westen Kulturgold verfrachtet haben .",285
Westen,"Die zwei ältesten zogen wieder nach Osten und Westen , und für den Dummling flog die Feder gerade aus und fiel neben der Erdthüre nieder .",285
Westen,"Er handelte in Ungarn und in Olmütz in der Ueberzeugung , daß er nach Gottes Willen den Beruf habe , der Führer des monarchischen Widerstandes gegen die von Westen vordringende Revolution zu sein .",285
Westen,"Nach Norden reicht sein Wohngebiet bis an die Küste des Meeres , nach Osten bis Rußland , nach Westen bis Großbritannien ; in Deutschland wie in England ist er überall seltener als die Schmerle .",285
Westen,"Französische Demokraten ! die Kannibalenhorden Rußlands werden gen Westen dringen , unsere germanischen Gauen werden noch ein Mal das weite Kampfgefilde der Barbarei und Bildung …",285
Westen,"Es kommt ein Vogel geflogen aus Westen , Er fliegt gen Osten , Nach der östlichen Gartenheimath , Wo Spezereien duften und wachsen , Und Palmen rauschen und Brunnen kühlen — Und fliegend singt der Wundervogel :",285
Westen,"Ach , ich schweifte nur vergebens Bald nach Westen , bald nach Osten !",285
Westen,"Im äußersten Westen begann das Schauspiel , und Achalm und Neuffen mit ihren Mauern und Felsen glänzten auf .",285
Westen,"Er schien einen Zug gegen die freien Libyer im Westen zu beabsichtigen ; sein Heer , das besonders an Elephanten stark war , zog an der Küste hin , neben ihm segelte die Flotte , geführt von seinem treuen Bundesgenossen Hasdrubal .",285
Westen,"Von Deutschland selbst bleibt jedoch ein Theil , im Westen , Nordwesten und Südosten , katholisch und dieser wird obscur und stabil , deutsche Türkei , jenen belebt zum Theil wieder die Berührung mit Frankreich .",285
Westen,"Wenn schon die historische Landschaft bald mehr die Form , bald mehr die allgemeinen Medien Licht und Luft in Bewegung oder Ruhe betont hat , so wird dieß ein bleibender Unterschied in der Auffassung des Stylbilds sein und also , da Licht und Luft die eigentlichen Träger der Stimmung sind , eine bleibende Richtung herüber nach dem Stimmungsbild auf dieser Seite hervortreten ; der Grad der Einführung des örtlichen Gepräges und der Zufälligkeiten überhaupt wird bis zu einer zarten Grenze sich verschieden bestimmen ; das Naturbild wird , wie gesagt , im Allgemeinen die plastische Natur des europäischen Südens bleiben , doch ist der Orient und selbst der Westen und Norden , sofern sie einzelne rein entwickelte und glückliche Formenverbindungen und Momente darbieten , nicht ausgeschlossen .",285
Westen,Die Zentren der Weltherrschaft verschoben sich in der vorchristlichen Zeit von Osten nach Westen .,285
Westen,"Andere Arbeiter , die bei der Arbeit beschäftigt sind , Bierbrauer z. B. tragen auch Jacken , unseren Westen gleich , ohne Aermel , und die Hemdsärmel bis zur Schulter hinaufgestreift . —",285
Westen,"Dagegen sah ich den Alhazen , wenn über ihm die Sonne untergieng , als einen ungeheuren hohen , alle dortigen Berge mehrmal an Höhe übertreffenden , länglichen Berg , der seinen Schatten weit nach Westen warf , während alle übrigen Berge dort nur kurzen Schatten gaben .",285
Westen,"Der Fremde ist den Briten wohl vor allem verbunden für die Erbauung der vielen ausgezeichneten Landstrassen , dank deren Existenz lohnende Ausflüge in die reizenden Gegenden der Insel überallhin zu Wagen ausführbar sind ; gegen Süden zum 567 m hohen Monte S. Deca , einem herrlichen Aussichtspunkte , gegen Westen nach dem Orte Pelleka , oder in nördlicher Richtung nach den wildromantischen Schluchten des Gebirgsstockes S. Salvatore , von dessen nahezu 1000 m hohem Gipfel die Insel in ihrer ganzen Erstreckung von 59 km überblickt und nordwärts der akrokeraunische Höhenzug bis Valona erschaut wird .",285
Westen,"Dennoch glaubte Alexander , der Zeiten eingedenk , wo Harpalus mit Nearch , Ptolemäus und wenigen anderen seine Sache gegen König Philipp vertreten und darum Schande und Verbannung gelitten hatte , dem ausschweifenden Manne verzeihen zu müssen ; mit dem Versprechen , alles Geschehene vergessen und für ungeschehen ansehen zu wollen , hatte er ihn bei seiner Rückkehr aus Aegypten im Frühjahr 331 zurück berufen und ihm wiederum das Schatzamt übergeben ; die ungeheueren Schätze von Pasargadä und Persepolis wurden in Ekbatana niedergelegt und unter seine Aufsicht gestellt , ingleichen waren , so scheint es , die Schatzämter der unteren Satrapien unter seinem Bereich und sein Einfluß herrschte über den ganzen Westen Asiens . Indeß zog Alexander immer weiter gen Osten , und Harpalus , unbekümmert um die Verantwortlichkeit seiner Stellung und von Natur zu Genuß und Verschwendung geneigt , begann mit den königlichen Schätzen auf das Zügelloseste zu prassen und den ganzen Einfluß seiner Stellung auf Tisch und Bett zu verwenden ; keine Art der Schwelgerei blieb ungekostet , und die schönen Asiatinnen durften es nicht wagen , sich dem mächtigen Wollüstling zu entziehen , der ihren Genuß mit geheimen Verbrechen zu erkaufen und sie dann der öffentlichen Schande feil zu geben liebte .",285
Westen,"Schon erinnerten die klugen Politiker in der Hauptstadt an die Zeit , als Italien sich durch Philippos und durch Hannibal von Osten und Westen aus bedroht sah ; der neue Hannibal , meinte man , könne , nachdem er wie sein Vorfahr Spanien durch sich selbst bezwungen , eben wie dieser mit den Streitkräften Spaniens in Italien und gar leicht früher als Pompeius dort eintreffen , um , wie einst der Phöniker , die Etrusker und Samniten gegen Rom unter die Waffen zu rufen .",285
Westen,"Die Quellen , welche mehr nach Osten liegen , bilden den Fluß Ostuta , der sich in die Lagune ergießt , welche sich bis Tonalá erstreckt ; während die nach Westen den Tehuantepec anschwellen .",285
Westen,"Das waren die Völker des Westens , die Freien !",285
Westen,"Struye setzt sich mit den Argumenten des Westens auseinander , daß der Abschluß eines Friedensvertrages mit Deutschland nicht möglich sei , weil der Kriegszustand schon längst beendet sei .",285
Westen,"„ Unser Land sah sich lediglich gezwungen , die notwendigen Gegenmaßnahmen auf die Herausforderungen des Westens zu ergreifen .",285
Westen,"publik verändern , denn die Durchführung des neuen Kurses sichert weitere planmäßige Verbesserung der Lebenslage unserer Bevölkerung , während die Remilitarisierung und Wiederaufrüstung in Westdeutschland neue große Lasten für die werktätigen Menschen des Westens bringen wird .",285
Westen,"Die Verewigung der Spaltung Deutschlands , die Einbeziehung des Westens unserer Heimat in die Front aggressiver Staaten , seine Verwandlung in Aufmarschgebiet und Schlachtfeld für den nächsten Krieg liegt keinesfalls im Interesse des deutschen Volke « , Darum können wir nur",285
Westen,"Die Rechtspresse sucht dieses Scheinargument noch zu untermauern , indem sie phantastische Schreckensbilder einer Invasion des Westens durch eine Armada sowjetischer Panzer verbreitet .",285
Westen,"Der einziehende Sommer lockt auch die Versehrten ins Freie und so werden sie ab 15. Mai in folgenden Freibadern schwimmen : Osten : BVG-Stadion in Lichtenberg ( auch Gymnastik ) , Süden : Seebad Mariendorf , Westen : Poststadion und am Spandauer Berg ( hinter dem Krankenhaus Westend ) .",285
Westen,"Das sollte ledoch in einer Weise geschehen , die den Willen des Westens , friedliche Lösungen zu suchen , demonstriere .",285
Westen,"Ganz abaesehen davon , daß ich ein kompletter Idiot gewesen sein muß . als ich als Einwohner des demokratischen Sektors in den Sektor der „ Freiheit "" flüchtete , hat es mir doch rigoros die Augen geöffnet , wie schön es im „ Goldenen Westen "" aussieht .",285
Westen,"Die Vereinigten Staaten von Amerika lassen zwei Kriegsherde Wiederaufleben , indem sie den deutschen Imperialismus im Westen und den japanischen Imperialismus im Osten wiedererstehen lassen .",285
Westen,"Der Rundfunk , ob es der NWDR , der RIAS , die Stimme Amerikas , Hier spricht London , und was da sonst noch im Westen durch den Äther sendet , ist Instrument in den Händen der Kriegstreiber .",285
Westen,"Es sei wichtig , unterstrich Willy Brandt , daß die Integrationsprozesse der Entspannung und der Abrüstung nicht schaden und daß die Integration auf wirtschaftlichem Gebiet im Westen Europas nicht zu einem Abkapseln im eigenen Rahmen , sondern zu mehr Offenheit in Richtung Osteuropa führt .",285
Westen,"Der Westen hat ietzt seine Exoerimente beendet , und Dulles sagte : Entweder sofort — und zwar für ein Jahr — einstellen , oder wir machen weiter .",285
Westen,"Diese Bezeichnung sollte ausdrücken , daß die Sowjetunion dem Westen mit der Rüstung vorausgeeilt sei .",285
Westen,"Es besteht kein Zweifel , daß es Reuter und seinen Kumpanen in Berlin nicht anders ergehen wird , wie Tschiangka-- schek in China. Dr. Rhee in Korea , dei .. die Friedensbewegung breitet sich immer mehr auch im Westen Berlins aus .",285
Westen,"Unsere Wirtschaft , der den fünfziger Jahren vom imperialistischen Westen her immer wieder Schaden zugefügt wurde , konnte sich stets auf die Hilfe der Sowjetunion stutzen .",285
Westen,"Von einem der auszog , im Westen die Spuren Heinrich Heines zu verfolgen",285
Westen,"Die Ereignisse in Korea , der Kurssturz in London , Regierungskn ls « in Frankreich , Streikdrohungen bei den Eisenbahngesellschaften im mittleren Westen und im Westen der USA waren die Ursachen von panikartigen Verkaufs -",285
Westen,"Es sei „ höchste Eisenbahn "" , daß der Westen ein Gesamtkonzept für Verhandlungen vorlege , in das die landgestützten Atomraketen einbezogen werden , betonte Bahr auf einer Tagung in der Evangelischen Akademie Loccum .",285
Westen,"Die Volkshochschule solle nicht eine isolierte Anhäufung von Einzelwesen vermitteln , sondern in allen Ihren Lehrgängen ein zusammenhangendes Verständnis der ökonomischgesellschaftlichen Entwicklung anstreben , Im Westen , erklärte Dr. Hamann , Marburg , der Sohn des bekannten Kunsthistorikers , werde Berlin nach wie vor als geistiger und politischer Mittelpunkt Deutschlands betrachtet .",285
Westen,"Interesse an von der UNO inspirierten Lösungen bestand von nun an im Westen nicht mehr , weshalb die Ende vorigen Jahres von den Vereinten Nationen nach Genf einberufenen Gespräche zwischen der SWAPO , den Frontstaaten , einer Kontaktgruppe aus Großbritannien , den USA , Kanada , Frankreich und der BRD so- wie der sogenannten Nationalversammlung Namibias zwangsläufig scheiterten .",285
Westen,"Sie rufen nach amerikanischen Divisionen und Bombern , um , wie der Kriegshetzer Dr. Schumacher erklärte die Offensive des Westens in russisches Gebiet zu tragen .",285
Westen,"Durch den wilden Westen P 6/10 ( 23.-25. %.. 17.30 , 20.00 ) Lichtenberg Vorwärts , Karlshorst , Dunderklumpen P6 ( 3 ) , 15.00 , 12 Uhr mittags kommt der Boß PS ( 22. , 23. , 25. 6. , 15.00 ) , Zum ersten Mal verheiratet P 14 ( 7 ) , 17.30 , 20.00 ; Volkshaus , Friedrichsfelde , Die Schlacht im Tal der weißen Tulpen F",285
Westen,Die politische Führung des Westens nimmt dagegen eine solche Entwicklung für sich als fortschrittlich und demokratisch in Anspruch .,285
Westen,"„ Über eine Million Begegnungen der Menschen aus Ost und West — Berliner hier wie da — wären nicht erfolgt , wenn wir im Westen auf unserem Schützengrabendenken beharrt und das Angebot des Ostens zurückgewiesen hätten . . . Dieses Hinhocken unsererseits , verbunden mit der Feststellung , daß drüben lauter böse Menschen sind , mit denen wir nicht sprechen können , führt leider , wie wir in den letzten Jahren gesehen haben , zu gar nichts .",285
Westen,"Was die öffentliche Meinung im Westen aus solcher Haltung machen wird , wissen wir nicht .",285
Behandlung,Auch die weitere Behandlung richtet sich nach den besonderen Ursachen.,637
Behandlung,"In größeren Garnisonsorten werden überdies Garnisonsärzte angestellt, denen die Behandlung aller in den Garnisonen vorhandenen nicht regimentierten Offiziere und Militärbeamten, des Festungspersonals und der Arbeitssoldaten, sowie der Fuß-Artillerie-Regimenter und Train-Bataillone obliegt.",637
Behandlung,"Zwei Wendungen treten ein, welche beide zu diesem Zweck die Metaphysik zu Hilfe rufen und beide jede wirklich wissenschaftliche Behandlung des Problems ausschließen.",999
Behandlung,"Die Ernährung und Saftbewegung der Pflanzen trat immer mehr in den Vordergrund, und Hales zeigte, wie viel sich in dieser Richtung auch ohne mikroskopische Untersuchung leisten lässt; das Interesse konzentrierte sich daher bei den Wenigen, die überhaupt mit Pflanzenphysiologie sich beschäftigten, wie Bonnet und Du Hamel, auf die experimentelle Behandlung derselben.",637
Behandlung,"Doch wer über diesen Gegenstand ordentlich richten will, muss durchaus das in der ersten Auflage der Epochen … und nun die neue Behandlung im Zusammenhang nachlesen.",999
Behandlung,"Es wird sich zeigen, dass sie das Objektive im Sinne der bildenden Phantasie nicht ausschließt, … aber gerade dort wird die Behandlung umso entschiedener den subjektiven Empfindungscharakter tragen.",999
Behandlung,"Die fast absolute Geltung des Juristenrechts ist in diesem Rechtsteil oft verkannt worden, weil die wissenschaftliche Behandlung desselben im Ganzen wenig befriedigend war.",999
Behandlung,"Über Buchenwaldungen siehe Seutter: Über Wachstum, Bewirtschaftung und Behandlung der Buchenwaldungen.",999
Behandlung,"Über Buchenwaldungen siehe Seutter: Über Wachstum, Bewirtschaftung und Behandlung der Buchenwaldungen.",637
Behandlung,"Die Behandlung der Metritis muss gleichfalls nach Ursachen, Grad und Charakter der Krankheit verschieden sein.",637
Behandlung,Selbst die chemische Zusammensetzung wird verschieden angegeben … die hypothetische Hyposchweflige Säure bildet sich aus schwefliger Säure durch Behandlung mit Wasserstoff.,637
Behandlung,Durch diese Strenge wird die grundsätzlich unrichtige Behandlung der Sache großenteils wieder gutgemacht.,999
Behandlung,Die Folgen dieses Schwächezustandes … und ebenso muss es auch die Behandlung sein.,637
Behandlung,"Sollte gar Max Müllers Annahme, dass das Ganze in schwiegermütterlicher Chikane und tyrannischer Behandlung des armen Ehegatten seinen Ursprung habe, die wahre Lösung bieten?",999
Behandlung,"Sollte gar Max Müllers Annahme, dass das Ganze in schwiegermütterlicher Chikane und tyrannischer Behandlung des armen Ehegatten seinen Ursprung habe, die wahre Lösung bieten?",637
Behandlung,Die Behandlung der Kriegsgefangenen ist vielfach durch nationale Gesetzgebung geregelt.,999
Behandlung,Die Behandlung der Kriegsgefangenen ist vielfach durch nationale Gesetzgebung geregelt.,637
Behandlung,"Ein Gemälde der Verkündigung Mariä gefiel durch Zeichnung und Ausführung, hatte aber etwas so Fremdartiges in der Behandlung, dass niemand es einem bestimmten Meister beilegen wollte.",999
Behandlung,"Das Kind kam nach wenig Augenblicken wieder an Land geschwommen; seine frohe Miene bewies, wie gering der Eindruck dieser rohen Behandlung gewesen war.",999
Behandlung,"Das Kind kam nach wenig Augenblicken wieder an Land geschwommen; seine frohe Miene bewies, wie gering der Eindruck dieser rohen Behandlung gewesen war.",637
Behandlung,"Dieselbe Behandlung findet sich, wenn einem Minderjährigen Sachen abgepfändet und verkauft wurden; dies gilt als von ihm selbst geschlossener Verkauf.",999
Behandlung,In einem stark besuchten Wirtshaus sprachen Arbeiter von der „gar zu sklavischen Behandlung der Soldaten“.,999
Behandlung,In einem stark besuchten Wirtshaus sprachen Arbeiter von der „gar zu sklavischen Behandlung der Soldaten“.,637
Behandlung,"Oke Manning, R. Wildman und R. Phillimore zeichneten sich durch vorzügliche Behandlung juristischer Fragen aus.",999
Behandlung,"1597 kam eine Gesandtschaft aus Manila, um rechtschaffene Behandlung der Schiffbrüchigen zu fordern.",637
Behandlung,"Er kleidete sie als sein Eheweib schöner als alle anderen, und Speise, Trank und Behandlung mussten besser sein als im Elternhaus.",999
Behandlung,"Er kleidete sie als sein Eheweib schöner als alle anderen, und Speise, Trank und Behandlung mussten besser sein als im Elternhaus.",637
Behandlung,Die rechnerische Behandlung der logischen Materie wurde durch George Boole zum vollständigen System ausgebildet.,999
Behandlung,"Der Zweck des Kalkens ist die Aufschließung der Fett- und Harzsubstanzen, die sich bei weiterer Behandlung auflösen.",637
Behandlung,Ärztliche Behandlung kann bei diesen Verbildungen gewöhnlich nur palliativ stattfinden.,637
Behandlung,Die hydrotechnische Behandlung des Rheins ist für viele Menschen und Anwohner von großer Bedeutung.,999
Behandlung,"Der Gangmeister verwendet seinen Stab selten, und Klagen über brutale Behandlung sind Ausnahme.",999
Behandlung,"Der Gangmeister verwendet seinen Stab selten, und Klagen über brutale Behandlung sind Ausnahme.",637
Behandlung,Seine grenzenlose Verehrung der Antigone machte ihn unfähig für die komische Behandlung des Bösen.,999
Behandlung,Seine grenzenlose Verehrung der Antigone machte ihn unfähig für die komische Behandlung des Bösen.,637
Behandlung,„Menschenopfer“ heißt das Stück – in der christlichen Behandlung ist das Schauspiel nicht so grässlich.,999
Behandlung,"Der industrielle, religiöse und moralische Unterricht wurde teils freiwillig, teils gegen geringe Bezahlung erteilt; bei wechselnder Lehrerschaft entstanden Widersprüche in der Behandlung.",999
Behandlung,"Ein praktischer Grund der härteren Behandlung des Diebes liegt darin, dass der Bestohlene den Täter meist nicht kennt.",999
Behandlung,"Ein praktischer Grund der härteren Behandlung des Diebes liegt darin, dass der Bestohlene den Täter meist nicht kennt.",637
Behandlung,Die formale Behandlung eines Problems durch Punktkoordinaten muss unvollkommen bleiben.,999
Behandlung,Die medizinische Behandlung des offenen Brustkrebses kann palliativ oder rettend sein.,637
Behandlung,Bei Hekatäos’ Behandlung der Heraklesfabel wird auf verschiedene antike Quellen verwiesen.,999
Behandlung,Bei solcher Behandlung werden viele Pferde störrisch; bei sanfter Behandlung dagegen werden sie lenksam.,999
Behandlung,Bei solcher Behandlung werden viele Pferde störrisch; bei sanfter Behandlung dagegen werden sie lenksam.,637
Behandlung,Ohne methodisches System in der Behandlung wird der Fahrer nie das Vertrauen des Pferdes gewinnen.,999
Behandlung,Ohne methodisches System in der Behandlung wird der Fahrer nie das Vertrauen des Pferdes gewinnen.,637
Behandlung,Keine regelrechte Behandlung des Themas ist in der deutschen Literatur zu erwarten.,999
Behandlung,Die Verwaltungslehre soll Einheit in Auffassung und Behandlung schaffen.,999
Behandlung,Bei dieser Behandlung ist die Düngung für den Hafer fast wirkungslos.,637
Behandlung,"Der Knechtsstand kann in den Begriff des Sklaven übergehen, wenn die Würde durch die Behandlung verachtet wird.",637
Behandlung,Die Innerlichkeit des Christentums prägte Auffassung und Behandlung der Wirklichkeit.,999
Behandlung,Missverständnisse entstanden durch zu subtile Behandlung eines einfachen Gegenstandes.,999
Behandlung,Linné’s Einführung einer neuen Namensgebung war ein Verdienst um die formelle Behandlung der Naturgeschichte.,999
Behandlung,"Ziel war, Erfahrungen methodisch darzustellen, um künftig bei polemischer und historischer Behandlung bessere Übersicht zu ermöglichen.",999
Behandlung,Der gemeine Stoff wurde durch die Behandlung geadelt.,999
Behandlung,Der Unterricht muss mit der Disziplinar-Behandlung übereinstimmen.,999
Behandlung,Auch die Behandlung folgt den in §508–510 gegebenen Indikationen.,637
Behandlung,"Für Reinlichkeit, Behandlung von Schwellung, Entzündung und Fieber wird auf frühere Behandlung verwiesen; zur Heilung selbst gibt es wenig Versuche.",637
Behandlung,Ohne Kenntnis des Niederdeutschen und Hebräischen ist eine tiefere Behandlung der Gaunersprache nicht möglich.,637
Behandlung,Die Zeichnung des indischen Damastes ist empfindlich gegen Unterschiede der Darstellung oder unvorsichtige Behandlung.,999
Behandlung,In Deutschland ist man in dieser Bewegung noch im Werden; die Behandlung muss sich vorerst streng an Realismus und Humanismus halten.,999
Entscheidung,Er ließ ihnen nur 10 Minuten Zeit zur Entscheidung .,1377
Entscheidung,"Welche äußere Veranlassung solche Forschung hat , kann dabei als gleichgültig oder untergeordnet betrachtet werden : ob die Mitteilung des gewonnenen Resultats durch Lehre und Schrift , oder aber das Bedürfnis der Entscheidung eines entstandenen Rechtsstreits .",1377
Entscheidung,"Wie die Stimmung gegenwärtig in der Stadt und auch in den Provinzen ist , kann nur eine Entscheidung , die sich wirklich auf die eine oder auf die andere Seite stellt , die Aufregung wieder niederdrücken .",1377
Entscheidung,"Zur Entscheidung über die Richtigkeit unserer Ansicht würden Beobachtungen erforderlich sein , die uns fehlen , über die Modifikation des Gehörs bei Unbeweglichkeit des Steigbügels , oder bei Verknöcherung der Haut eines der beiden Fenster des Labyrinths , Valsalva hat zwar einen Fall , wo das ovale Fenster verknöchert war , und Cotunni ein Beispiel von Verschliessung des runden Fensters durch einen Knochen , wobei zugleich die Gehörknöchelchen doppelt so groß wie gewöhnlich waren .",1377
Entscheidung,"Es konnte noch nicht genügen , bloß die Exekution eines Urtels gehindert und den Versuch einer solchen mit Waffengewalt verhindert zu haben : des Gerichtes selbst , von welchem diese Entscheidung ausgegangen , und das jetzt mit noch gefährlicheren drohte ( die Revision , welche beschlossen gewesen , war im Momente wo sie beginnen sollte , inhibiert worden ) , mußte man sich endlich einmal , und auf immer entledigen .",1377
Entscheidung,"Seitdem kann man Ethik und wissenschaftliche Arbeit nicht mehr trennen , ohne den Charakter deutscher Wissenschaft zu verleugnen , und zu den treibenden Kräften , welche mit der Reformation in unserem Volke lebendig geworden sind , gehört vor Allem das Gefühl eigener Verantwortlichkeit , das Jeder in seinem Gewissen trägt , nicht als einen unbequemen Stachel , sondern als das Unterpfand voller Menschenwürde , als den Sporn rastloser Pflichttreue , als die Bürgschaft einer freien Persönlichkeit , welche die ewigen Gesetze des sittlichen Lebens nach eigener Entscheidung anerkennt .",1377
Entscheidung,"Ist eine Prüfung erforderlich , so erfolgt eine Entscheidung über den Antrag durch die zuständige Behörde .",1377
Entscheidung,"Das geschichtliche Bild will eine Anspannung des Gemüts , wie Sittenbild und Landschaft sie nicht fordert ; da genügt nicht die stille Vertiefung , sondern da gilt es , furchtbaren Entscheidungen mit der Entscheidung der eigenen , ganzen Seelenkraft zu folgen .",1377
Entscheidung,"Die in ihnen enthaltene Regel ist bald mit der einzelnen Entscheidung verwebt , bald abgesondert ausgesprochen , und dann als Grund der Entscheidung benutzt , so daß sie in derselben Gestalt auch als Gesetz hätte aufgestellt werden können , was nur hier nicht geschehen ist .",1377
Entscheidung,"Aber er , er selbst , sollte er nicht für sich auf die Entscheidung seines Schicksals dringen , indem er El benachrichtigte ?",1377
Entscheidung,"Die Ankunft der Wahrsagerin aber bestimmte die Königin und ihren Ehebrecher , die Entscheidung nicht auf diesen Hinterhalt auszusetzen , sondern rascher und einsamer zu Werke zu gehen .",1377
Entscheidung,"Die untere Behörde und der niedriger gestellte Beamte hätte das Recht und die Pflicht , die Entscheidungen und Verfügungen der oberen Behörde und des vorgesetzten Beamten einer Überprüfung zu unterziehen und es würde demnach nicht das Reichs-Oberhandelsgericht , sondern der Kreisgerichts-Executor , nicht das Finanzministerium oder die Oberzolldirektion sondern der Zolleinnehmer in Wahrheit die letzte Instanz sein .",1377
Entscheidung,"Auch kann nur die Betrachtung des Einzelnen auf die Fragepunkte hinweisen , die noch einer festen Entscheidung harren .",1377
Entscheidung,"Die Entscheidung auf den Rekurs erfolgt endgültig durch die Reichs-Rayonkommission """,1377
Entscheidung,"Nach den Entscheidungen des Reichsversicherungsamtes ist aber auch die in Staatswaldungen an den Revierverwalter wegen seiner dienstlichen Eigenschaft verpachtete Jagd versicherungspflichtig , da die Pachtbedingungen die Selbständigkeit des Pächters im Interesse der Forstverwaltung beschränken .",1377
Entscheidung,"Wir fingieren mit blindem Vertrauen , daß das geholfen haben würde ; sonst wäre diese Entscheidung nicht zu erklären .",1377
Entscheidung,"Da indessen kein Richter die Entscheidung eines ihm vorgelegten Rechtsstreits verweigern darf , so löst sich jene Formel sogleich in diese andere auf : Wenn in einem gegenwärtigen Rechtsstreit eine Frage vorkommt , worüber schon in einem früheren Rechtsstreit ein Urteil gesprochen worden ist , so muß der neue Richter den Inhalt jenes Urteils als wahr annehmen und seinem eigenen Urteil zum Grunde legen .",1377
Entscheidung,"Eine gültige Entscheidung des Bundesamtes erfordert die Anwesenheit von mindestens drei Mitgliedern , von denen mindestens Eines die richterliche Qualifikation haben muß .",1377
Entscheidung,"Um in diesem Dilemma für alle drei hierhergehörige Erzählungen eine Entscheidung zu finden , müssen wir auf den eigentümlichen Charakter derjenigen Art von Wundern zurückgehen , welche wir hier vor uns haben .",1377
Entscheidung,"Diese letztere wird vielmehr nichts so sehr vermeiden als jene prägnanten und akuten Entscheidungen ; die Einrichtung der Handlung wird möglichst ausschließlich dem gewöhnlichen , erwarteten und natürlichen Verlauf der Dinge gemäß getroffen werden , und gerade dadurch , daß das ausgezeichnete Gleichmaß in den Charaktern der handelnden Personen , die hervorragende Güte , Gesundheit , Reinheit ihrer Empfindungen und Gesinnungen , die Richtigkeit ihres Denkens und Meinens die Handlung in diesem ruhigen Verlaufe erhält , wird das Idyll jene von ihm bezweckte Wirkung unmittelbaren reinen Wohlgefallens erreichen .",1377
Entscheidung,"Eine scharfe Entscheidung ist für solche zweifelhafte Fälle nur nötig , wenn der Geber die Schenkung bereut , und auf den Grund der versäumten Insinuation anfechten will .",1377
Entscheidung,"Ich weigerte mich eine Zeitlang den Bitten nachzugeben , die an mich gerichtet worden ; aber da sie stets dringender wurden , entschloß ich mich , der Versammlung die Entscheidung zu überlassen .",1377
Entscheidung,"Über die Frage , ob der Fall zur Entscheidung des Reichsgerichts geeignet sei , erkennt einzig und allein das Reichsgericht selbst .",1377
Entscheidung,"Eben so geschah die Exsecution der Civilurteile extra ordinem , durch pignus in causa judicati captum ; allein Dieses war nicht mehr Entscheidung eines Rechtsstreits , sondern ein Mittel zur Überwindung des Ungehorsams gegen die obrigkeitliche Macht , also im Wesen gleichartig mit der mulcta .",1377
Entscheidung,"Weiter will ich Nichts hierüber sagen , sondern nur noch die Bitte hinzufügen , mir Ihre endgültige Entscheidung sofort zugehen zu lassen , da ich - sie falle nun aus , wie sie wolle - doch sie bestimmt wissen muss , um darauf an die Arbeit gehen zu können .",1377
Entscheidung,"Wo die Klage anfängt unausführbar zu werden , hört die Möglichkeit des zivilrechtlichen Schutzes der Interessen auf , wird deren Schutz Sache der Verwaltung , unausführbar aber wird sie bei dem Punkt , wo die Bedingungen , an deren Dasein die Möglichkeit richterlicher Entscheidung geknüpft ist : die genaue Begrenzung der Klage nach Person , Gegenstand , Voraussetzungen und Wirkungen , beziehungsweise die Möglichkeit des civilprocessualischen Beweises dieser Momente , hinwegfallen .",1377
Entscheidung,"Sonderbar ist es , daß über die gleichzeitigen weit bedeutenderen Vorfälle im Landgerichtsbezirke Trier ( zu Bernkastel etc. etc. ) die Entscheidung bereits erfolgt und ein Teil der Bernkasteler Flüchtlinge außer Verfolgung gesetzt ist , während im Koblenzer Gerichtsbezirke die Beschuldigten noch in voller Ungewißheit schweben .",1377
Entscheidung,"Aber wir sind einfache Gelehrte , wir haben keine politischen Entscheidungen zu fällen .",1377
Entscheidung,"Diese hier erwähnten besonderen Verhältnisse , welche nur beispielsweise angeführt sind , wie der in der Kommission der zweiten Kammer beliebte Zusatz : "" und ähnliche Fälle "" dartut , sind nicht von der Beschaffenheit , daß sie eine wahre Ehrverletzung in irgend einer Weise rechtfertigten und straflos machten ; aber sie können Äußerungen , die unter anderen Umständen als Beleidigungen erscheinen würden , den Charakter des unbefangenen Urteils oder der wohl befugten Zurechtweisung erteilen , und für die Entscheidung der Frage , ob eine Ehrverletzung vorliegt oder nicht , sind sie daher von Bedeutung und wohl zu berücksichtigen .",1377
Entscheidung,Das Handgefecht ist nämlich eine Entscheidung und zwar eine die fast ohne alle Dauer ist ; dies schließt die sukzessive Kraftanwendung aus .,1377
Entscheidung,"Dadurch treten unvermeidliche Konflikte ein , und die Berechtigung des Teils dem Ganzen und des Kleinen dem Großen gegenüber wird zu einer Parteifrage , von deren endgültiger Entscheidung das Schicksal ganzer Nationen abhängt .",1377
Entscheidung,"Die Entscheidung , ob ein Staatsvertrag erfüllt oder ob die völkerrechtlichen Folgen der Nichterfüllung getragen werden sollen , steht in jedem Falle nur dem Staate als solchem , der Regierung , nicht den einzelnen Untertanen oder Behörden zu .",1377
Entscheidung,In dem erkämpfte es sich auch in Frankreich eine große Entscheidung .,1377
Entscheidung,"Im Römischen Recht wird diese Gewissensvertretung nicht erwähnt , ja sie paßt dahin nicht , weil der Eid nicht als reines Beweismittel , sondern als vergleichsmäßige Entscheidung des Rechtsverhältnisses angesehen wird . Im kanonischen Recht wird jenes Recht bestimmt anerkannt , und zwar in Anwendung auf einen Fall , worin dem Kläger , der den Grund seiner Klage bereits bewiesen hatte , nun dennoch der Eid zugeschoben wurde .",1377
Entscheidung,"Unter diesen Umständen wird eine Entscheidung schwer und wir werden zu dem Verdachte gedrängt , dass schon im Altertume eine Verwirrung in der Überlieferung entstanden sei , indem man Nachrichten über Bauten des zweiten Ptolemäers fälschlich auf den bekannten Deinokrates übertragen haben mochte .",1377
Entscheidung,Für die Entscheidung über den Raubzug der Selektaner war dieser Fall Fliczek ungemein günstig .,1377
Entscheidung,"Diese Entscheidung vermag ich nicht mit allgemeinen Grundsätzen , und insbesondere mit der Entscheidung über die B. P. ( Note d ) in Einklang zu bringen .",1377
Entscheidung,Im Übrigen ist die Entscheidung nicht immer auf diese Seite gefallen .,1377
Entscheidung,"» Würden deine Knechte , nachdem sie angewiesen waren die Angelegenheiten der Barbaren zu ordnen -- wenn sie dieselben durch Vorstellungen vom Richtigen so hätten überzeugen können , dass sie verhindert würden , von ihren Verpflichtungen zurückzutreten -- , würden sie dann gewagt haben , deine geheiligte Majestät mit Gegenständen zum Nachdenken zu behelligen , indem sie ehrfurchtsvoll um die himmlische Entscheidung bitten ? --",1377
Entscheidung,"Mit seinen Versuchen kann man entweder nicht zurecht kommen , oder man schlägt andere vor , davon die wenigsten zum Ziel , zu irgend einer Entscheidung führen .",1377
Entscheidung,Nach der Württemgischen Mil. St.G.O. § 128 fällt die Untersuchung und Entscheidung der vor dem Eintritt in den Militärdienst begangenen und erst nach dem Eintritt zur Sprache kommenden Verbrechen und Vergehen ohne Einschränkung den bürgerlichen Gerichten zu .,1377
Entscheidung,"Der Kostenfestsetzungsbeschluss spricht nur aus , was rechtlich geschuldet ist ; er hat die Natur einer Entscheidung .",1377
Entscheidung,"Es fehlte gleichsam an dem Schlußstein des Gebäudes , einer Einrichtung um über die aufsteigenden Irrungen zu einer gültigen , von Jedermann anerkannten Entscheidung zu gelangen .",1377
Entscheidung,"Man wird sich auf die Dauer der ganz prinzipiellen Überlegung nicht entziehen können : dass erstens jeder einzelne hier in Betracht kommende Fortschritt , heiße er material oder geistig , doch eben Fortschritt des Bewusstseins ist ; und zweitens , was dieser bloß erkenntniskritischen Besinnung erst volles Gewicht in der Entscheidung der hier gestellten Frage gibt : dass , was überhaupt von irgend einer Seite her das Bewusstsein berührt , Kraft des Grundgesetzes der Einheit , der Kontinuität des Bewusstseins , in innerem , methodisch zu begründendem , mithin gesetzmässigem Zusammenhäng gedacht und dargestellt werden kann und muss ; dass von den untersten materialen Bedingungen bis zum höchsten Gesetze der Bewusstseinsform , dem Gesetze der Idee , ein durchgehender , ununterbrochener Zusammenhäng besteht .",1377
Entscheidung,"""Sie , Torm "" , sagte sie , "" wird El jederzeit empfangen , und Sie haben nicht eher Ruhe , bis die Entscheidung gefallen .",1377
Entscheidung,In Schutzbriefen dieser Zeit wird die Erledigung der reclamatio ad regis sententiam mitunter ausdrücklich auch der Entscheidung des Pfalzgrafen vorbehalten .,1377
Entscheidung,"Er weise auf die Notwendigkeit einer schnellen Entscheidung hin , denn die in Italien erfochtenen Siege seien nicht bloß Niederlagen der italienischen Unabhängigkeit , sondern der demokratischen Freiheit .",1377
Entscheidung,"Gegen diese Entscheidung gelten dieselben Gründe , welche bereits gegen die vorhergehende geltend gemacht worden sind ; ja es ist in ihr der Widerspruch mit der angeführten Stelle der A. G. O. ( I. 13 §. 36 ) sogar noch unmittelbarer und augenscheinlicher .",1377
Entscheidung,Zu anderem Resultate gelangt Bindig a. O. -- Die Beweisfrage ist selbstverständlich mit der theoretischen Entscheidung nicht zu verwechseln .,1377
Entscheidung,"So hing die Entscheidung an einem Fädchen , und so kam es , daß der Sieger auch nicht die kleinste Verfolgung unternahm .",1377
Frechheit,"Das Geschrei desselben zog eine Würgatzel herbei , und diese verfolgte den Forscher über eine Stunde lang und nahte sich mit großer Frechheit , als es dem gefangenen Vögelchen gelungen war , zu entkommen , unzweifelhaft in der Absicht , den schwachen Vogel wegzukapern .",149
Frechheit,Dann betrugen sie sich in Kanton mit massloser Gewaltsamkeit und Frechheit ; aber auch da noch bequemte Yi-san sich ihren Forderungen .,149
Frechheit,"Bärli ! kennt ihr mich noch ? "" und die Geißlein mußten seine Stimme gleich erkannt haben , denn sie rieben ihre Köpfe an Heidi und fingen leidenschaftlich zu meckern an vor Freude , und Heidi rief alle nach einander beim Namen und alle rannten wie wild durcheinander und drängten sich zu ihm heran ; der ungeduldige Distelfink sprang hoch auf und über zwei Geißen weg , um gleich in die Nähe zu kommen , und sogar das schüchterne Schneehöppli drängte mit einem ziemlich eigensinnigen Bohren den großen Türk auf die Seite , der nun ganz verwundert über die Frechheit dastand und seinen Bart in die Luft hob , um zu zeigen , daß er es sei .",149
Frechheit,"Die Griechischen zwar trennten sich in ihren Erinnerungen selten ganz von der Wurzel des Mutterstaats : neuere haben es getan , und sind durch diese unnatürliche Frechheit vielleicht noch mehr als durch andere Umstände in eine heillose Schlechtigkeit versunken .",149
Frechheit,"Wie aber immer in letzter Zeit das Verhalten Ledru-Rollin es zu diesen Parteien gewesen sein mag : jedenfalls ist soviel gewiß , daß mit seiner Einsetzung auch der Frechheit der deutschen "" Reichs "" Reaktion auf energische Weise ein Ende gemacht würde .",149
Frechheit,"In Erwägung , daß die Nationalversammlung nicht Schuld daran ist , daß sie jetzt Boden im Volk hat , sondern daß die Frechheit der Fürsten daran Schuld ;",149
Frechheit,"Die Besseren , wie Heinrich Leo , waren der wüssten Frechheit müde und zogen sich angeekelt zurück .",149
Frechheit,"Eigentümlich war in den letzten Bänden der Reisebilder nur die Frechheit der Unzucht ; sodomitische Schmutzereien , wie sie Heine in seiner niederträchtigen Polemik gegen Platen vorbrachte , hatten den Tempel der deutschen Dichtung bisher noch niemals geschändet .",149
Frechheit,"Doch die Adressen mehrten und mehrten sich , und ihre pfäffische Frechheit überschritt alles Maß .",149
Frechheit,"wenn hier ein Minister die Frechheit hätte , einem Deputierten bei 50 Franken Strafe den Befehl zukommen zu lassen , binnen 24 Stunden Paris zu verlassen !",149
Frechheit,"Ein Teil der Fabrikanten selbst , der den Fabrikbetrieb dem Ak von 1833 gemäß geregelt hatte , überwarf das Parlament mit Denkschriften über die unsittliche "" Konkurrenz "" der falschen Brüder "" , denen größere Frechheit oder glücklichere Lokalumstände den Gesetzesbruch erlaubten .",149
Frechheit,Die Unnatur als die Verkehrung des Naturgesetzes durch die Freiheit oder richtiger Frechheit des menschlichen Willens ist durchaus ekelhaft .,149
Frechheit,"Wir erklären eben so einstimmig , daß wir das Plakat vom 23. d M. , unterzeichnet : Weiß , Wunderlich und Leuschner , für ein Produkt der unverschämtesten Frechheit halten , seinen Verfassern , wie Unterzeichnern unser völliges Vertrauen entziehen , und sie für Verräter am Arbeiterstand halten , der nicht durch eine Aristokratie des Adels oder des Geldes , sondern nur durch ein treues Zusammenwirken aller ehrlichen Kräfte des Volkes gehoben und blühend gemacht werden kann .",149
Frechheit,"Ein letzter Rest von Schamgefühl hinderte die Konferenz zwar , diesen Antrag in seiner nackten Frechheit anzunehmen .",149
Frechheit,"Hiernach folgen mehrere Anträge , der erste von Finke , Radowitz , Graf Schwerin und Konsorten , hat die fabelhafte Frechheit , die Tagesordnung über die preußische Frage zu beantragen .",149
Frechheit,"Nach diesen naiven Zugeständnissen hat der Minister die Frechheit hinzuzufügen man möchte nur zur Begründung der deutschen Einheit auf dem Festland auch so tätig sein , als es ( das Ministerium ) zum Fortbau dieses deutschen einheitlichen Institutes auf dem Meere gewesen .",149
Frechheit,"Mit dem Worte "" Unehrerbietigkeit "" oder Frechheit "" ist Alles bezeichnet , was gegen die geistigen Güter , d. h. gegen Alles , was Uns heilig ist , verbrochen werden kann , und Spott , Schmähung , Verachtung , Bezweiflung u. dergl. sind nur verschiedene Schattierungen der verbrecherischen Frechheit .",149
Frechheit,"Wenn ihr euch aber in eurer Sinnlichkeit mit jenen abgebet , die euch aufsuchen , die durch die Eitelkeit , und Frechheit ihres Gesichtes , ihres Leibes , ihrer Stellung , ihres Ganges , ihrer Kleidung eure Aufmerksamkeit auf sich zu ziehen versuchen , welche immer bei Tanz und Genüssen sein wollen , werdet ihr nicht bloß ohne Würde bleiben , sondern wie der heilige Geist sagt , werden Jammer und Fäulnis euer Lohn sein , und ihr werdet zur großen Warnung dienen und aus der Zahl der Lebendigen genommen werden ! ( Sir .",149
Frechheit,"Zwar so weit ist bis jetzt die reaktionäre Frechheit noch nicht gediehen , daß man die demokratischen Vereine aufzulösen wagte , wie es die Herren Reaktionäre im konstitutionellen Zentralverein , im vaterländischen Verein etc. wünschen und beantragen .",149
Frechheit,Ein solches Übermaß unsauberer Frechheit konnte in einem sittlichen Volke nicht ohne Widerspruch hingehen .,149
Frechheit,"Gegenwärtig hat es alle alten Positionen wieder gewonnen , die alte Frechheit ist zurückgekehrt und die ganze saubere vormärzliche Wirtschaft hat eine neue und vermehrte Auflage erlebt , die sich von der früheren nur durch einige konstitutionelle Phrasen und durch größere Brutalität unterscheidet .",149
Frechheit,"Es ist hart für ihn , dem Übermütigen , der sich manche Frechheit gegen ihn herausnahm , freundlich begegnen zu sollen .",149
Frechheit,"In Spanien wußte man uns von der Frechheit des letzteren viel zu erzählen , und ein Adler übernahm es , vor unseren Augen die Wahrheit des Erzählten zu bestätigen .",149
Frechheit,"Als der Gesandte nach seinem Verlust fragte , schrie der königliche Reisemarschall Luan Senna Pagdi , -- der bis dahin Betel kauend in seinem dem Arrow angehängten Boote lag , -- von Ersatz sei keine Rede ; der Chinese möge froh sein , wenn man ihn für die Frechheit , einem königlichen Dampfer in den Weg zu fahren , nicht köpfte .",149
Frechheit,"Der Schwindler , der so vieles bruchstückartig wußte und mit hoffnungskühner Frechheit darauf baute , wußte zufällig dieses nicht .",149
Frechheit,"Ich war meiner bisherigen Torheiten und Frechheiten müde , hinter denen ich doch eigentlich nur den Unmut verbarg , daß für mein Herz , für mein Gemüt auf dieser Reise so wenig gesorgt werde ; es brach daher mein Inneres mit Gewalt hervor , und dies mag die Ursache sein , warum ich mich der einzelnen Vorgänge wenig erinnere .",149
Frechheit,"Kann die gottbegnadete Frechheit weiter getrieben werden , als wenn der arme Tagelöhner mit 60 bis 80 Thlrn . jährlichen Verdienstes für seine meist zahlreiche Familie den Raubritter noch jährlich mit 1 bis 2 Thlr.",149
Frechheit,"Sieht sie keinen anderen Vogel in der Nähe , so läßt sie sich herbei , selbst zu jagen , stößt auf Fische herab , läuft am Strande hin und sucht Das zusammen , was die Flut auswarf , oder liest am Lande Würmer und Kerbtiere auf ; sowie sie aber andere fleischfressende Seevögel von weitem erblickt , eilt sie auf diese zu , beobachtet sie , wartet , bis sie Beute gemacht haben , stürzt sich herbei und greift sie nun , wie ein gefiederter Räuber sein fliegendes Wild , mit ebenso viel Kraft und Gewandtheit als Mut und Frechheit an , bis sie die eben erbeutete Nahrung von sich speien .",149
Frechheit,"Also wuchs die Ratlosigkeit der Regierung , und mit ihr die Frechheit der revolutionären Partei ; noch weiter auf diesem Wege , und eine friedliche Lösung wurde unmöglich . --",149
Frechheit,"Als daher das Gedränge immer größer wurde , und Seine gräflichen Gnaden von demselben unangenehm berührt wurde , gaben hochdieselben Befehl , den Pöbel für seine Frechheit und Verletzung der Ehre des gräflichen Geblüts ein wenig zu Maltraitieren .",149
Frechheit,"Die Frechheit der Schmuggler beschimpfte sie offen vor den Augen des Volkes , sie musste sich in ihrer Ehre tief gekränkt fühlen .",149
Frechheit,"Auch nur mit derselben festen Ruhe allein kann man der oft unerhörten Frechheit und Verlogenheit weiblicher Gauner erfolgreich gegenübertreten , welche mit bodenloser Unverschämtheit alle Rücksichten der Weiblichkeit in Anspruch nehmen , von deren Entäußernng doch ihr Auftreten selbst einen so trüben Beweis gibt .",149
Frechheit,"Ich werde den Eidschwur , den er die Frechheit hatte mir ins Gesicht zu leisten , niemals vergessen , ein Gallenfieber war die Folge davon und bald darauf noch sechzig Peitschenhiebe , die mir Hr. Villeneuve geben ließ , und in deren Folgen ich noch bis auf diesen Tag an der Schwindsucht leide . -- --",149
Frechheit,"Die Korruption des konstitutionellen Staates , die Polizeiwirtschaft , welche schändliche Intrigen mit nichtsnutzigen Subjekten gegen rechtliche , geschätzte und geliebte Individuen spielt , die Sklaverei des Volkes , das , dummen Vorurteilen fröhnend , sich in Abhängigkeit erhalten läßt , die Frechheit des Adels , der lotternd nur der Freude und dem Genusse lebt , die sittliche Verderbnis des Hofes , an dem Palastrevolutionen , Intrigen , Verbrechen sich häufen und erneuen - wir sprechen hierbei immer nur von Tierstaaten - alle diese Flecken und Gebrechen deckt das kluge Tier mit Nacht und Dunkelheit - es hat wenigstens das Schamgefühl , seine schmutzige Wäsche im Dunklen bei sich zu reinigen und sich nach außen nur als fröhlicher , freier Arbeiter zu zeigen .",149
Frechheit,"Um die zarten Nerven der Leser zu schonen , beseitigte er aus den ersten Entwürfen manchen Zug genialer Frechheit , der zum Wesen der gespenstischen Fabel gehörte , sogar das schauerlich schöne Blutlied der Dämonen :",149
Frechheit,"Sie wurde gar nicht beachtet und bald so dreist , daß sie die durstigen Geieradler so lange von dem frischgefüllten Trinkgeschirr mit Schnabelhieben zurückscheuchte , als sie nicht selbst ihren Durst gestillt hatte ; sie holte sich auch mit der größten Frechheit Brocken von dem Fleische , an welchem die Geieradler gerade fraßen .",149
Frechheit,"Es ist , wie man sieht , der Mimus wesentlich nichts als die bisherige Posse , nur dass die Charaktermasken und die stehende Szenerie von Atella so wie das bäuerliche Gepräge wegfällt und dafür das hauptstädtische Leben in seiner grenzenlosen Freiheit und Frechheit auf die Bretter kommt .",149
Frechheit,"Vgl. Thiele , a. a. O. , II , 111. Unübertroffen bleibt jedoch die Gewandtheit und Frechheit des Cartouche .",149
Frechheit,"Bedurfte es mehr , als der Frechheit niederer Rebellen , um das zu zerstören , was Jahrhunderte erzeugten !",149
Frechheit,"Eine solche Frechheit erlaubte sich ein Stadtstaat , der erst vor neunzehn Jahren durch die unbedachte Großmut der Mächte seine Souveränität geschenkt erhalten und dabei alle dem Bundessitze obliegenden Pflichten ausdrücklich übernommen hatte .",149
Frechheit,"Man sagte ihnen , dass sie zur genaueren Prüfung entgegengenommen wären ; dass über alles darin Enthaltene , das beiden Seiten Vorteil oder keiner Nachteil bringen könne , deiner Majestät Befehl für sie erbeten werden solle ; dass das Übrige Punkt für Punkt wegen seiner Schädlichkeit und Frechheit abgelehnt werde , da es nachteilig und unausführbar sei , und dass die Eingabe ihnen am 18. zurückgestellt werden solle .",149
Frechheit,"Der erste Eid macht den Menschen ernst ; denn der Meineid ist die Sünde gegen den h. Geist , weil er mit der höchsten Besonnenheit und Frechheit ganz dicht vor dem Throne des moralischen Gesetzes begangen wird .",149
Frechheit,Sie ergötzten uns nicht wenig durch den seltsamen Verein von Frechheit und Scheu .,149
Frechheit,"Hege einen Zweifel am Christentum und Du bist schon kein wahrer Christ mehr , hast Dich zu der "" Frechheit "" erhoben , darüber hinaus eine Frage zu stellen und das Christentum vor deinen egoistischen Richterstuhl zu ziehen .",149
Frechheit,"An Abschied und Begleiten kein Gedanke ; der berüchtigte Jesuitenschüler Exvicomte Cormenin ( der so schön als Vorsitzer die Wahlzettel zu verfälschen wußte und zum Lohn dafür Vorsitzer in der Kerkerkommission wurde ) besuchte diesmal die Verurteilten im Fort de L' Est und hatte die unglaubliche Frechheit zu sagen : "" macht keine Ansprüche auf Rücksichten , ihr seid Besiegte , fügt euch ; eure Verwandten dürfen euch noch nicht begleiten , erst wollen wir sehen , ihr gefährlichen Subjekte , wie ihr die Reise aushaltet ; lebt wohl , meine Geschäfte vergönnen mir nicht weiter mit euch zu reden . """,149
Frechheit,"Die Völlerei und die Unzucht zeigten sich oft mit einer Frechheit , die uns heute schon unmöglich scheint , das Hasardspiel wurde überall , selbst auf offener Straße getrieben , und die unausrottbare deutsche Rauflust ging so weit über alles erlaubte Maß hinaus , daß die 350 Mann starke Jenenser Studentenschaft im Sommer 1815 in einer einzigen Woche 147 Duelle ausfocht .",149
Frechheit,"In der Gefangenschaft läßt sich die Skorpionfliege mit Äpfeln , Kartoseseln , rohem Fleische füttern , verrät mithin keinen wählerischen Geschmack , in der freien Natur entwickelt sie ihr unerschrockenes Wesen , ihre ungezügelte Frechheit .",149
Frechheit,Meine Beschuldigung ist gewiß nicht zu hart ; zum Beweis sei hier ein schlagendes Beispiel seiner Frechheit angeführt .,149
Frechheit,"Er hatte bei seinem Auftreten die Frechheit zu verlangen , daß die anwesenden Urwähler den Saal verlassen sollten .",149
Frechheit,"So eben erfahre ich noch von sehr ehrenhaften Bürgern , daß ein Herr Leutnant Bessel , der sich schon bei dem früheren Belagerungszustande mit einer schamlosen Frechheit und Junkernrohheit benahm , eigenhändig aus dem Rathause vier Menschen erschoß , welche ruhig vorüber gingen .",149
Mut,"Graf Stadion hat vor der Abstimmung auf eine solche Weise auf die galizischen Bauern influenziert , indem er ihnen gesagt , sie schafften den Kaiser ab , wenn sie mit Ja stimmten , daß ... ( Zischen , Bravo , Tumult ) Wenn die Kammer nicht den Mut hat ... ( Bravo , Zischen , Tumult ) ich habe den Mut zu reden ; die Abstimmung ist nichtig ! ( Lärm ) .",256
Mut,"Man kann die Mittelglieder an Personen und Begebenheiten nicht übersehen , die zwischen seinem Beginnen und dem Risiko desselben inne lagen ; ja , daß er im Grunde nur den Mut hatte , eine Stellung vorwegzunehmen , die , wenn er es nicht getan hätte , sich würden die Anderen genommen haben .",256
Mut,"In kleinen Verhältnissen geboren , hatten sie sich mit Notgroschen und Stipendien durchgeschlagen und unter Bitternissen und Demütigungen aller Art doch keinen Augenblick den Mut verloren .",256
Mut,"Allein ich will Euch sagen : unter denjenigen , welche meine Lehre annehmen , werdet Ihr alle gemäßigten Männer finden , welche nicht glauben daß die Weisheit in den Extremen bestehe , noch daß der Mut zu zerstören niemals dem Mute wiederaufzubauen Platz machen dürfe ; Ihr werdet dazu die Mehrzahl jener entschlossenen Bürger zählen , welche zu Anfang der Etats-generaux ( denn so hieß damals die Nationalversammlung , als sie noch in den Windeln der Freiheit eingeschnürt lag ) so viele Vorurteile mit Füßen traten , so vielen Gefahren Trotz boten , so vielen Widerstand besiegten , um in den Schoß der Gemeinen zu gelangen , welchen diese Hingebung den Mut und die siegende Kraft gab , wovon der Erfolg Eure ruhmvolle Revolution gewesen ist ; Ihr werdet dort jene Volkstribunen finden , welche die Nation noch lange , trotz des Gekläffes einer neidischen Mittelmäßigkeit , zu den Befreiern des Vaterlandes zählen wird .",256
Mut,"ich bin allein meiner heißen Sehnsucht Zeuge , und sollte mir es nicht gewähren , was ich bitte und flehe , daß ich Mut haben möge ?",256
Mut,"Der Passagier , am Galgen stehend , Hohläugig , mit zerbrochenem Mut , Zu jedem Räuber flüstert flehend :",256
Mut,"Ich bin nur zu Dem nicht berechtigt , was Ich nicht mit freiem Mute tue , d. h. wozu Ich Mich nicht berechtige .",256
Mut,"ich lernte sie zwar in Straßburg , aber bloß , weil sie zum chirurgischen Studium gehören , vor der Ausübung aber hatte ich einen solchen Schauder und Abscheu , daß ich noch wohl weiß , wie mir zu Mut war , als die arme Frau zu Weichlinghausen , der selige Pastor Müller , der Doktor Dinkler in Elberfeld , und Freund Trost daselbst , mich gleichsam zwangen , die Operation an der so eben gemeldeten armen Frau zu wagen ; mit Zittern und Beben machte ich sie erbärmlich schlecht -- und die Frau sah vortrefflich -- nun bekam ich zwar mehr Mut , und doch noch jetzt , nachdem ich über fünfzehnhundert Blinde operiert habe , wandelt mich noch immer eine Angst an , wenn ich operieren soll .",256
Mut,"Der König lachte und sprach in gutem Mut 'ja , es soll so sein , wie du verlangst , Eselein , komme her zu mir . ' Danach fragte er 'Eselein , wie gefällt dir meine Tochter ? ' Das Eselein drehte den Kopf nach ihr , schaute sie an , nickte und sprach ' aus der Maßen wohl , sie ist so schön wie ich noch keine gesehen habe . ' ' Nun , so sollst du auch neben ihr sitzen ' sagte der König .",256
Mut,"Und galt es früherhin Mut und Kraft , Jetzt alle Kräfte zusammengerafft , Sonst scheitert das Schiff noch im Hafen .",256
Mut,"Dem Peregrinus war es , als sei er in ein böses Hexenwesen verflochten und es wurde ihm so unheimlich zu Mute , daß ihm selbst die alte ehrliche Aline ein gespenstiges Wesen bedünken wollte , dem er nicht schnell genug entfliehen könne .",256
Mut,"Ihr Herz tätig : wo sollte Armut , Not in Armut , herkommen , mit gesunden Sinnen , und dem Mute , sich jede Wahrheit zu sagen ! --",256
Mut,"So eben berichtete man mir , daß er gestern den Mut gehabt , sich in der ganzen Fabrik herumführen zu lassen , die Arbeiter aufhetzen , Geld unter sie , besonders unter die Kinder zu verteilen , und -- -- """,256
Mut,"Diese jungen Teutonen hatten dem heiligen Kriege fern bleiben müssen und brannten vor Begier , jetzt das Versäumte nachzuholen , durch trutzigen Mut und rüstige Fäuste ihre Deutschheit zu erweisen ; ihre Augen leuchteten , wenn ihnen Jahn in seinen wunderlichen Stabreimen das Bild des echten Turners schilderte :",256
Mut,"Aber er ist der große Mäkler aller Staats-Anleihen , welcher den Fürsten die Macht gibt , der Freiheit zu trotzen , und den Völkern den Mut nimmt , sich der Gewalt zu widersetzen .",256
Mut,"Die Kämpfe der protestantischen Niederländer um ihre bürgerliche und religiöse Freiheit hatten in ihnen eine unversöhnliche Feindschaft gegen die Spanier und den römischen Katholizismus großgezogen , ihren Mut und Unternehmungsgeist gestählt und sie zu weiteren Taten vorbereitet .",256
Mut,"König Ferdinand erwiderte dem Beichtvater , man möge es unternehmen , wenn man sich in einen neuen Krieg stürzen wolle , der aber noch gefährlicher ausfallen werde als der eben beendigte , -- wenn man die Mittel , die Kraft und den Mut dazu besitze :",256
Mut,"Sie bewaffneten sich mit Spaten , Sensen und Düngergabeln , tranken sich erst Mut und zogen singend und lärmend nach der Fabrik .",256
Mut,Der ihm fehlende Mut wird aber durch seine natürliche Schlanheit und List ersetzt .,256
Mut,"Ach , mein Gott ! was würden denn unsere Feinde getan haben , wenn sie in einem fremden Lande gesiegt hätten , wenn sie ihr eigenes Land so behandeln , da ihnen ein heftiger Angriff den Mut benimmt , es zu verteidigen ?",256
Mut,""" Willkommen Herr von der Weissenburg , Gott gebe euch guten Mut , Ihr sollt nicht länger leben , Denn heute diesen halben Tag . """,256
Mut,"Dieses Gebot der höchsten Anstrengung erregte in jedem Mut und Siegsvertrauen : die Zurückbleibenden halfen den Ausziehenden alles bereiten : das Heer war zur vorgeschriebenen Stunde versammelt , und eigene Lust verdoppelte ihren Schritt .",256
Mut,"Mit starker Hand und besonnenem Mute hat namentlich das Deutsche Reich die Lösung dieser Aufgaben in Angriff genommen , und unter der Einwirkung großer wirtschafts- und sozialpolitischer Maßnahmen , getragen von der Autorität eines gewaltigen Staatsmannes , hat sich in kurzer Zeit eine Umstimmung der Geister vollzogen , die vielleicht in der Geschichte beispiellos ist .",256
Mut,"So viele vereitelte Anstrengungen von Seite der Verbündeten mochten den Mut der Polen heben , die sich ohnehin des Sieges sicher hielten , und ihre zahlreiche Kavallerie ging jetzt zum Angriff über .",256
Mut,"Dem Amtmann gefällt Otto's Mut , um so mehr , je weniger er ihn dem sanften Stillen zugetraut hatte .",256
Mut,"Ich habe viele Gaben ; aber keinen Mut : nicht den Mut , der meine Gaben zu bewegen vermag , nicht den Mut , der mich genießen lehrte , wenn es auch einen Anderen etwas kostete :",256
Mut,"Fräulein Meier wagt viel , indem sie sich auf diese Höhe stellt , und Du wirst Mut und Energie brauchen , um sie dort zu halten .",256
Mut,"Sie zeigen in ihrem Wesen viele Ähnlichkeit mit den Würgern ; sie sind so grausam und raubgierig wie diese , ohne aber den Mut derselben oder die Kühnheit der Raben zu bekunden .",256
Mut,"Doch alle solche Einfälle und Ahnungen wurden darrniedergehalten von einem Gefühle hoffnungsloser Entsagung , das die kräftigere Gegenwart kaum noch versteht ; den Deutschen war zu Mute , als ob eine unerforschlich geheimnisvolle Schicksalsmacht dies Volk verdammt hätte , für alle Ewigkeit in einem widersinnigen Zustande zu verharren , der jedes Recht des Daseins längst verloren .",256
Mut,"Aussprüche des Iyeyasu , wie "" die Umgürtung des Schwertes verleiht dem Samurai kriegerischen Mut und "" das Schwert ist die Seele des Samurai "" waren der innersten Empfindung des Standes entnommen und konnten darum das lebhafte Ehrgefühl nur noch weiter anspornen , so dass dieser ritterlichsten und bei allen Völkern geachtetsten Waffe in Japan eine ganz besondere Aufmerksamkeit zugewandt wurde .",256
Mut,"Der Vater hatte mehreren glücklichen Gefechten beigewohnt , und sprach mir viel Mut ein .",256
Mut,"Keinem Knecht Mut ich zu , sie an ihr zu vollziehen .",256
Mut,"Ohne Dich , Du lodernd Feuer , Erstarrte mir Hirn und Blut , -- Aus der Hand sänke mir das Steuer , Spräche mir Dein Mund nicht Mut .",256
Mut,"Ein wenig länger noch Geduld und froher Mut , Und hell wird alle Trüb ' und alles Übel gut .",256
Mut,"Wie der König den entsetzlichen Rachen sah , verlor er allen Mut , da fiel ihm seine dritte Tochter ein und er rief : "" schenke mir das Leben und du sollst meine jüngste Tochter haben "" -- Meinetwegen brummte der Wallfisch , ich will dir auch etwas dafür geben ; Gold habe ich nicht , das ist mir zu schlecht , aber der Grund meines Sees ist mit Zahlperlen gepflastert , davon will ich dir drei Säcke voll geben : im siebenten Mond komme ich und hole meine Braut . """,256
Mut,"Die Ihr voll Mut zu schleudern euch nicht scheutet Ein blitzend Wort in unseres Lebens Schwüle , O Glück , wenn ihr euch auf dem Sterbepfühle Vom Neid zerstückter Kränze noch erfreutet !",256
Mut,Mut und Treue feiern Siege Nach der Prüfung schwerem Bann !,256
Mut,"Ihr Mut , ihr edler Sinn werden fortleben in unserem Andenken , wie in der Erinnerung der kommenden Geschlechter unserer Stadt und des gemeinsamen Vaterlandes . "" ( unterzeichnet ) Fournier. Schäffer .",256
Mut,"Sie haben einer unbewaffneten Stadt gegenüber die Verpflichtung , ihren Mut zu zeigen .",256
Mut,"Der Schneider , den ein unerwarteter Mut überkam , sprang auf , zog in der Hast seine Kleider an und eilte hinaus .",256
Mut,"Was hatte ich gehofft , daß sich aus ihr entwickeln würde , bei ihren Gaben , ihrem Mute , ihrer lebhaften Phantasie .",256
Mut,"Und nun weißt du dich nicht auf deinen Mut zu besinnen , und denkst gar nicht an das Glück , das wir hernach zu hoffen haben ? """,256
Mut,"Ich han selchen trost besunnen , Wunnen , sunnen glich ich si gestalt , Diu mir tuot min leit verswinden , Binden , swinden muot kan ir gewalt !",256
Mut,"Tausend Dörfer und Städte sehen wir schimmernd sich ausbreiten , von Bewohnern wimmelnd , wie rührige Ameisen und erdumwühlende Maulwürfe ; aber ein höheres Band , sie zu sittlicher Einheit verknüpfend , einen Gedanken , sie emporrichtend zum himmlischen Vater , der sie erschaffen zur Freiheit , zur Menschenwürde : jenes heilige Feuer , das in unserem Haupte den Lichtstrahl entzündet , und unsere Brust zum rettenden Ent Schlusse der Aufopferung für die Gesamtheit erwärmt , die Kraft des schwankenden Willens stählt und den flüchtigen Mut des Augenblicks in Flammen setzt -- das suchst du vergebens .",256
Mut,"Österreich , des langen , ehrenwerten Kampfes müde , hatte sich in sein Schneckenhaus gezogen , das halbe Reich hing im Netz des Eroberers , und nur Preußen stand allein im Winkel , ohne den Mut , ohne den Beruf , ohne die Mittel .",256
Mut,Es war nun starkes Unwetter geworden und bei dem Donnern und Blitzen unterwegs wurde mir graulich zu Mute .,256
Mut,"Wesentlich aus der blinden Ausbeutung der Rotwelschen Grammatik und des Wörterbuchs von Pfister ist jene Flut der neueren Gaunerwörterbücher entstanden , welche von verdruckten , missverstandenen und erdichteten Vokabeln wimmeln und trotz der prunkenden Titel "" aus Kriminalakten "" oder "" aus eigenen praktischen Erfahrungen "" den tollsten und verlogensten Galimathias enthalten , über welchen das Gaunertum mit wiehernder Lust spottet , durch welchen es aber auch in seiner Propaganda an Mut und Sicherheit und , dem Inquirenten gegenüber , an der bodenlosesten Frechheit so unsaglich gewonnen hat , daß die einschlagenden zahlreichen , ihres Gleichen nicht findenden Mystifikationen aus gewissen Rücksichten hier nicht einmal in einem einzigen Beispiele enthüllt werden dürfen .",256
Mut,"Der Anführer jener Gewalttätigkeiten , und daher seines Standes Liebling , war Cäso Quinctius , stolz und gefürchtet durch den in Kriegen wohl erworbenen Ruhm ausgezeichnetes Muts .",256
Mut,"So habe ich dir erklärt dies Wort , um dir zu zähmen Den ungestümen Sinn , doch nicht den Mut zu lähmen .",256
Mut,"Mein Vaterland ist , wo die Eintracht lebt , Wo Liedesklang der Brust entquillt mit Wonnen Und Mut der Freiheit durch die Seelen bebt .",256
Seminar,"Doch ist die autodidaktische Bildung noch zugelassen , und das Seminar dauert nur zwei Jahre .",321
Seminar,"Seminar auseinander sprengen half und so viel Schönes über die Zerteilung der Seminare und ihre Verlegung in idyllische Landstädtchen auch zum Zweck der besseren Vorbereitung auf die "" harte Kost und leere Wand "" gedacht und gesagt hat ; derselbe Stiehl , wie seine Herren und Meister , für den christlich-germanischen Staat schwärmt .",321
Seminar,"Die bisher bestandenen Verordnungen über Portofreiheit in Schulsachen , namentlich der Schulen , Gymnasien und Seminare , sind bei der jetzigen Schulverfassung nicht mehr ausreichend .",321
Seminar,"Circ.-Rescr. v. 22. März 1844 . ( M.-Bl. S. 103. ) , betr. die Ableistung der Militairpflicht Seitens der in dem Seminar zu Gnadenfeld ausgebildeten Lehrer .",321
Seminar,"Luthers Schüler predigten es in Dänemark und Schweden : einer der ersten Inskribierten in Marburg ist der Gründer der schottischen Kirche : im Corpus Christ Kollege zu Oxford bildete sich 1527 ein Verein Lutherisch-gesinnter , der als ein Seminar der neuen Meinungen angesehen werden kann .",321
Seminar,"Teils um des oben angegebenen Zweckes Willen , teils um überhaupt mit der Beschaffenheit und den Bedürfnissen des Schulwesens ihres Bezirkes genau bekannt zu werden , sollen die Seminardirektoren alljährlich während der Ferien einen Teil des Regierungsbezirkes oder der Provinz , wofür in ihren Anstalten Lehrer gebildet werden , kommissarisch zur Untersuchung der Landschulen bereisen , und von ihren Beobachtungen und Erfahrungen der betr. Regierung einen Bericht , der auch abschriftlich dem Provinzial-Schul-Collegio einzureichen ist , erstatten , damit danach das Nötige veranlaßt , und namentlich diejenigen Lehrer , auf welche die Bestimmung im vorigen Abschnitt 11. sich bezieht , in die Seminare einberufen werden können .",321
Seminar,"Diese Einrichtung gewährt den Vorteil , daß man jedesmal solche Subjekte zusammen einberufen kann , die ungefähr auf gleicher Stufe stehen ; daß der Gegenstand selbst gründlicher und vollständiger durchgenommen wird ; daß die Einzelnen besser beobachtet und ihren be- sondern Bedürfnissen gemäß behandelt werden können ; und daß nicht alle Seminarlehrer zugleich , zum Nachteil der eigentlichen Zöglinge der Anstalt , sondern immer nur vorzugsweise derjenige , welchem der zu behandelnde Gegenstand auch im Seminar zugeteilt ist , in Anspruch genommen wird .",321
Seminar,"Das Ministerium findet sich durch manche in den Sanitäts- und anderen Berichten der Regierungen erwähnte Unglücksfälle veranlaßt , von dem Provinzialschulkollegium und dem Konsistorium Bericht darüber zu erfordern , ob in den Seminaren seines Bezirkes auch der nötige Unterricht über Wiederbelebung der Scheintoten , Kenntnis der Giftpflanzen , Verhalten bei dem Bisse toller Hunde , Verhütung der Feuersbrünste und anderer Unglücksfälle erteilt wird .",321
Seminar,"Es zeigt nämlich die Erfahrung , daß die ganz veränderte Lebensart , zu welcher sich die in das Seminar eintretenden Jünglinge gewöhnen müssen , nicht ohne Nachteil für ihr körperliches Befinden bleibt .",321
Seminar,"-- Übrigens würde -- wir erwähnen das , um Mißverständnissen vorzubeugen -- das Elementarexamen niemals als Vorbedingung für die Aufnahme in die Hochschule verlangt werden oder gelten können ; Hochschule und Seminar können für Frauen eben so wenig voneinander abhängen , wie für Männer ; es sollen also nicht zwei Examina nacheinander abgelegt werden , sondern nach Wahl und Befähigung nur das niedere oder nur das höhere",321
Seminar,"Der Hauptnutzen dieser Einrichtung aber wird darin bestehen , daß sich unter den Lehrern selbst Trieb , Eifer und Fortschritt vermehrt , daß sich überhaupt Regsamkeit im Schulwesen verbreitet ; daß immer mehr Übereinstimmung in der Behandlung des Unterrichts durch alle Schulen bewirkt wird ; daß das Seminar wirklich der lebendige Mittelpunkt des Geouzen wird ; daß die Seminarlehrer mit dem eigentlichen Zustande und den wahren Bedürfnissen der Schulen sich vertraut machen , und daß auch in ihnen ein lebendiges Interesse und ein frischer Eifer erhalten wird , und endlich , daß die angehenden Lehrer , nämlich die Zöglinge der Seminare , gleich vom Anfange von dem Gefühle der Wichtigkeit ihres Berufs durchdrungen werden , und den Ernst erkennen lernen , womit darüber gewacht wird , daß sie dereinst ihre Pflicht redlich erfüllen und nicht lässig befunden werden .",321
Seminar,"Wer aus einem Seminare verwiesen ist , oder dasselbe von nun an eigenmächtig und ohne Abgangszeugnis verlassen hat , soll in keinem Falle zur Prüfung , und also noch viel weniger ins Schulamt zugelassen werden etc .",321
Seminar,Die Jesuiten lehren Grammatik und freie Künste : mit ihrem Kollegium San Ildefonso zu Mexiko ist ein theologisches Seminar verbunden .,321
Seminar,Zwar wurde dieser Orden nicht eigentlich ein Seminar von Priestern : dazu war er niemals zahlreich genug : allein er bildete sich zu einem Seminar von Bischöfen aus .,321
Seminar,"Ein solches Abgangszeugnis soll dem Entlassenen zwar die Anstellungsfähigkeit , allein fürs Erste nur auf 3 Jahre erteilen , nach deren Ablauf der Inhaber sich zu einer abermaligen Prüfung im Seminar zu stellen hat .",321
Seminar,"Eigene Empfindungen hat es in mir erregt , des würdigen alten Landsmannes Freude über die Fortschritte der wissenschaftlichen Freiheit in Württemberg zu lesen , vermöge welcher man daselbst dergleichen jetzt ungefährdet schreiben könne : zu einer Zeit , wo ich bereits auf meine Schrift hin von meiner Repetentenstelle am Tübinger Seminar entfernt war .",321
Seminar,"Seminar auseinander sprengen half und so viel Schönes über die Zerteilung der Seminare und ihre Verlegung in idyllische Landstädtchen auch zum Zweck der besseren Vorbereitung auf die "" harte Kost und leere Wand "" gedacht und gesagt hat ; derselbe Stiehl , wie seine Herren und Meister , für den christlich-germanischen Staat schwärmt .",321
Seminar,"Die Lehrer sind nur zum Teil Staatsdiener ; philologische Seminare an den Universitäten , jedoch bisher noch ohne Prüfungssystem ; Anstellung trotzdem vom Staate .",321
Seminar,"Dazu gehört ferner , wenn ihr Unterricht , auch bei idealem Endzweck , auf realem Boden bleiben und sich nicht in Allgemeinheiten verflüchtigen soll , eine absolute Beherrschung des Stoffs , an den sie anzuknüpfen hat , auch des Details , ( wenn sie es auch nicht unmittelbar für ihre Schülerinnen braucht ) , und -- es muß gesagt sein -- viele Lehrerinnen wissen nicht einmal dem Namen nach , was Studium bedeutet , da ihnen im Seminar niemals ein solches zugemutet ist .",321
Seminar,"a . zehn Taler für jedes Halbjahr seines Aufenthalts im Seminar und den in dieser Zeit genossenen Unterricht ,",321
Seminar,"In solchen Gegenden aber , wo das Bedürfnis eines geschickten Taubstummen-Lehrers besonders drückend gefühlt wird , wo das vorhandene Seminar noch mit keinem Taubstummen-Lehrer versehen ist , oder wo an dem Orte des Seminars keine Gelegenheit zu billiger Unterbringung von ärmeren taubstummen Kindern sich darbietet , will das Ministerium auch der einen oder der anderen Land- und Stadtschule einen der für den Taubstummen-Unterricht vorgebildeten jungen Männer überlassen .",321
Seminar,"Der letztere war übrigens nicht bloß der ältere , sondern auch der weitaus berühmtere von beiden , der "" Stolz des gelehrten Elsaß "" , welcher damals bereits seit vier Jahrzehnten , zuerst an der deutschen Hochschule , dann am "" Seminare protestant "" , wo er "" Fundamenta Anthropologiae "" vortrug , endlich seit Gründung der Akademie an dieser als Forscher und als Lehrer gleich erfolgreich wirkte .",321
Seminar,"Im Olmützer fürsterzbischöflichen Seminar waren 1893 unter 202 Alumnen nur 37 Deutsche , welche für die in Betracht kommenden mehr als 500.000 deutschen Pfarrkinder kaum als genügender Nachwuchs in der Seelsorge gelten können .",321
Seminar,"Ein solches Abgangszeugnis soll dem Entlassenen zwar die Anstellungsfähigkeit , allein für es Erste nur auf 3 Jahre erteilen , nach deren Ablauf der Inhaber sich zu einer abermaligen Prüfung im Seminar zu stellen hat .",321
Seminar,"März. Circ.-Rescr. , betr. die Ableistung der Militairpflicht Seitens der im Seminar Gnadenfeld gebildeten Lehrer .",321
Seminar,"Der anerkannt erste Mann des preußischen Volksschullehrerstandes war Adolf Diesterweg , der in Nassau-Siegen geboren , lange in Süddeutschland , dann in Elberfeld und Mors erfolgreich gewirkt hatte , und seit 1832 das Seminar für städtische Lehrer in Berlin , die Musterschule des Staates leitete , ein grundehrlicher Idealist , volkstümlich derb , arm , bedürfnislos , mit vielen Kindern gesegnet , der geborene Schulmeister , mit Leib und Seele bei der Sache , durch keine Wiederholung je zu ermüden .",321
Seminar,"Die Erfahrung hat indes gezeigt , daß einzelne Fälle vorkommen können , wo die Entfernung eines Zöglings aus dem Seminar nicht umgangen werden kann , ohne daß er mit Rücksicht auf sein früheres Betragen , auf seine Anlagen und seinen Fleiß es zu verdienen scheint , für immer vom Schullehrerstande ausgeschlossen zu werden .",321
Seminar,"Bei dieser Bestimmung ist es darauf abgesehen gewesen , unwürdige Subjekte von dem Schulstande auszuschließen , und muß dieselbe , insofern unsittliches Betragen und Unfleißt , ungeachtet vorhergegangener Ermahnungen und Besserungsversuche , die Entfernung eines Präparanden aus dem Seminar nötig machen , in voller Kraft erhalten werden .",321
Seminar,"An wissenschaftlichen Instituten bestehen in Valparaiso ein theologisches Seminar , eine Marine-Akademie mit 70 Schülern und einer maritimen Bibliothek , ein Lyzeum mit 500 Schülern und ein Museum .",321
Seminar,"Die deutsche Wissenschaft und die Leiter derjenigen staatswissenschaftlichen Seminare , aus denen seit 30 Jahren überwiegend deskriptive Arbeiten hervorgingen , waren sich bewußt , damit im Einklange zu stehen mit dem Gange , den die Erkenntnistheorie und Wissenschaftslehre überhaupt genommen .",321
Seminar,"Dagegen bedarf es bei den noch nicht angestellt gewesenen , aber mit dem Zeugnis unbedingter Anstellungsfähigkeit aus einem Königl. Seminar entlassenen und in den Amtsblättern der betr. Regierungen als wahlfähig bezeichneten Subjekten einer abermaligen Prüfung nicht , wenn solche aus einer Provinz in die andere sich begeben und dort Schulstellen derselben Art , für welche sie unbedingt anstellungsfähig sind , erhalten sollen .",321
Seminar,"Wer dieser Verbindlichkeit nicht , oder nicht sofort , als es von ihm gefordert wird , nachkommt , muß der Seminar-Anstalt die auf ihn gewandten Kosten zurückzahlen , nämlich a ) Zehn Taler für jedes Halbjahr seines Aufenthalts im Seminar und den in dieser Zeit genossenen Unterricht ; b ) den ganzen Betrag des von ihm genossenen Benefizes der freien Beköstigungd. -- 3 )",321
Seminar,"Lobeck kämpfte in seinem philologischen Seminar mit Erfolg gegen alle romantischen Einfälle , die seiner Wissenschaft zu nahe traten ; er galt als Republikaner , da er ohnehin mehr in Rom und Athen , als in Königsberg lebte .",321
Seminar,"Jeder Seminarist bleibt drei Jahre hindurch nach seinem Austritt aus der Anstalt zur Disposition der Königl. Regierungen in demjenigen Konsistorialbezirke , für welchen das Seminar , worin er seine Bildung erhalten hat , errichtet worden , und ist verpflichtet , jede Stelle , zu welcher diese Behörde ihn geeignet findet , anzunehmen , auch dies sogleich zu tun , sobald es von ihm gefordert wird .",321
Seminar,"Seminars an der Universität Königsberg in Pr. , Wörterbuch der litauischen Sprache .",321
Seminar,"Nachdem nunmehr in allen Provinzen der Monarchie für die nötige Ausbildung guter Schullehrer durch eine Anzahl von Seminaren , welche dem gegenwärtigen Bedürfnisse nach Maßgabe der zu Gebote stehenden Hilfsmittel möglichst entspricht , für jetzt ausreichend gesorgt , auch diesen Anstalten fast sämtlich sowohl durch die sorgfältigste Auswahl bewährter Vorsteher und tüchtiger Lehrer , als auch durch Feststellung wohlerwogener Lehrpläne , durch äußere Ausstattung mit Localien und Lehrmitteln und durch angemessene Disziplinarverfassungen , solche Einrichtungen erteilt sind , daß sie ihre wichtige Bestimmung nicht unerfüllt lassen können ; so bleibt nun noch übrig , sie zu dem gesamten Schulwesen derjenigen Provinzen und Bezirke , für welche zu sorgen sie bestimmt sind , in eine solche nähere Beziehung zu setzen , daß dadurch teils ihr Einfluß auf dasselbe befestigt und dauernd gesichert , teils ihnen selbst die beständige Rücksicht auf den Zustand und die wahren Bedürfnisse der Volksbildung erleichtert werden muß .",321
Seminar,"Wie ich nun aber schon auf dem Seminar war , kam die Gewerbfreiheit und ruinierte alle Handwerker , die nicht mit einem großen Kapital sich weiter helfen konnten oder von der alten soliden Arbeit der neumodischen Schleuderarbeit sich zuwandten .",321
Seminar,"Sie erhalten sich am Gymnasium - als "" Lotterstudenten "" - durch Freitische und Wohltaten der Stadtleute , gehen dann nach Innsbruck um an der Universität den philosophischen Cursus durchzumachen , und bleiben zuletzt vier Jahre in einem der Seminare zu Brixen und Trient .",321
Seminar,Der scharf bureaukratischen Kirchenpolitik des Königs trat der Klerus mit offenbarer Unbotmäßigkeit entgegen ; wieder wie in Kaiser Joseph's Tagen klagte er über Glaubensdruck weil die Staatsgewalt ein geistliches Seminar in Löwen errichtet hatte .,321
Seminar,"Es soll zwar den Zöglingen frei stehen , Stellen , welche ihnen von dem Direktor des Seminars in Folge der Aufträge , die ihm wegen Besetzung von der Königl. Regierung gegeben worden , oder in Folge eines Gesuches von Patronen und Schulinspektoren um Nachweisung eines Schullehrers angeboten werden , auszuschlagen ; wenn aber die Königl. Regierung diese Ablehnung nicht gelten läßt , sondern den Zögling für eine bestimmte Stelle Königl. oder Privatpatronats angestellt wissen will , so muß derselbe sich dieser Verfügung entweder unterwerfen , oder die im Vorstehenden bestimmte Rückzahlung leisten .",321
Seminar,"Das Seminar gibt nun ein eng begrenztes , abgeschlossenes Wissen und zwar zum größten Teil in fertigen Resultaten , dazu eine schätzenswerte Routine in der Handhabung und Weiterlieferung desselben und eine tüchtige methodische Schulung , die den seminaristisch gebildeten Lehrer auf manchem Gebiet dem akademisch gebildeten überlegen macht ; es setzt seine Schüler in den Stand , Fertigkeiten beizubringen , das Begriffs- und Urteilsvermögen bis zu einem gewissen Grade zu bilden und diejenigen positiven Tatsachen zu überliefern , die als Grundlage der allgemeinen Bildung dienen sollen .",321
Seminar,"Da stehen wir wieder bei unseren Jesuitenhelden , den Vorkämpfern für Licht und Wahrheit , bei der großen Opposition gegen Montrouge und das Freiburger Seminar , bei den kühnen Zölibatsgegnern , kurz bei dieser ewigen Schande der Unredlichkeit auf der einen und der Leichtgläubigkeit auf der anderen Seite .",321
Seminar,"Für solche Fälle ist es billig , eine Modifikation eintreten zu lassen , und wird daher das Provinzial-Schulkollegium autorisiert , wenn bei der Beurteilung der von Seminarien auf Exklusion einzelner Zöglinge gestellten Anträge sich ergeben sollte , daß der mit der Entfernung aus dem Seminar zu Bestrafende , hinsichtlich seines früher bewährten Fleißes , seines Betragens und Charakters Berücksichtigung verdient , und Hoffnung vorhanden ist , daß er unter veränderten Verhältnissen den Fehltritt vergessen machen werde , zu gestatten , seine Ausbildung zum Lehramt außerhalb des Seminars fortzusetzen , und falls er nach Ablauf einer angemessenen Zeit durch Zeugnisse des Pfarrers und Vorstandes seines Aufenthaltsorts über seinen Fleiß und sein tadelloses Betragen sich gehörig ausweisen kann , sich der vorschriftsmäßigen Prüfung zu unterwerfen .",321
Seminar,"Die mittleren Unterrichtsanstalten standen unter der Leitung Niethammers , eines wackeren Vorkämpfers der strengklassischen Bildung ; auf dem Münchener philologischen Seminar erzog der Thüringer Friedrich Thiersch in vieljähriger treuer Arbeit einen Stamm von tüchtigen Lehrern , so daß ein Hauch von dem idealistischen Geiste dieses praeceptor Bavariae allmählich in die meisten Gymnasien des Landes drang .",321
Seminar,"Da diese Bestimmung nicht überall pünktlich zur Ausführung gekommen ist , so sieht das Ministerium sich veranlaßt , die genaue Befolgung derselben um so mehr in Erinnerung zu bringen , als es im wesentlichen Interesse der Königl. Regierungen selbst liegt , daß die Seminar-Direktoren fortwährend von dem wirklichen Zustande des Elementarschulwesens in Kenntnis erhalten werden und Gelegenheit finden , sich von den Resultaten der Wirksamkeit der Seminare selbst zu überzeugen , damit in diesen , neben der theoretischen Ausbildung der Zöglinge , auch die praktische Fähigkeit derselben stets die erforderliche Berücksichtigung finde .",321
Seminar,"Zugleich mit diesen abermaligen Prüfungen und ganz nach den für sie gültigen Grundsätzen sollen dann auch die Prüfungen derjenigen nicht in einem Hauptseminar gebildeten Schulamtsbewerber , welche dazu von der betr. Regierung dem Seminar werden zugewiesen sein , vorgenommen werden , und die Geprüften sollen ebenfalls mit einem Zeugnisse , worin das Maß ihrer Kenntnisse und Fertigkeiten im Einzelnen und möglichst genau angegeben , auch ganz besonders der Grad ihrer praktischen Tüchtigkeit bezeichnet ist , versehen werden .",321
Seminar,"Im Erdgeschoss des erzbischöflichen Seminars sind noch die grau in grau gemalten Decken zweier Gemächer von Garofalo ( bez. 1519 ) erhalten , welche einen frisch von Rom gebrachten Schwung verraten , noch nicht in der Art der Loggien , sondern der Stanzen .",321
Seminar,"Nicht weit von ihr , nächst der Landstraße von Pyritz nach Arnswalde , ist ein Gebäude , wie eine Abtei , errichtet , als Seminar für Landschullehrer , und den Namen Ottostift führend .",321
Seminar,"Für den öffentlichen Unterricht , der von der Stadt subventioniert wird , sorgen zwei Kollegien -- Chasseloup-Laubat und Adran -- mit mehr als 900 Schülern und ein Seminar mit philosophisch-theologischem Lehrplane .",321
Seminar,"Sieht man sich die Bildung derjenigen weiblichen Lehrerinnen an , die ihre Kenntnisse und ihre Einschulung beispielsweise solchen Anstalten , wie dem Berliner Seminar , zu verdanken und die entsprechende Prüfung gehörig bestanden haben , so ist dieser höchste Gipfel , zu dem bis jetzt die Frauen im Lehrfach gelangen , allerdings in einem sehr bescheidenen Niveau verblieben .",321
Tier,"Durch den heftigen Schmerz der Wunden und das lärmende Geschrei der Jäger in rasende Wut versetzt , achtete das blutende Tier nicht mehr auf die zahlreichen Menschen , sondern stürzte , von Verzweiflung getrieben , mit den letzten Kräften auf Noß und Reiter .",133
Tier,"Diese Tiere werden von den Völkern , die sich nach ihnen nennen , heilig gehalten , weder gejagt noch gegessen und man pflegt durch die Frage was tanzt ihr nach dem Namen desselben sich zu erkundigen .",133
Tier,"In dem feinen Sande , welcher unten schlammig und faul wurde , gingen die Tiere sehr schnell zu Grunde .",133
Tier,"Die Zahl dieser Sinne , ihre Stellung zu einander , und die streng darauf gegründete Einteilung der Tiere , wie ich es in meiner Übersicht etc. der Theorie der Sinne dem Publikum vorgelegt habe , finde ich , obgleich nun seitdem mehrere Jahre verflossen sind , in denen ich rastlos nach Berichtigung forschte , durch alle mir bekannt gewordenen Erfahrungen bestätiget , so dass ich nun die folgende Darstellung nicht nur als der Wissenschaft gemäß , welche die Sinne als die höchsten Widerstrahlungen der Sinne des Universums erkennt , sondern auch selbst die Subsumtion jedes einzelnen Sinnes , und jeder Tierklasse unter die vorgebildete Naturfunktion , als durch die Erfahrung , so weit sie bis jetzt reicht , durchgängig nachgewiesen , anzugeben mich im Stande sehe .",133
Tier,"Die Steilheit mancher Straßen zwingt die Tramway bergan mit 8 Maultieren zu fahren , während bergab die Tiere freigehen und die Wagen durch die mittels Bremsen regulierte eigene Schwere laufen .",133
Tier,"In dem Ei und dem menkorne wird durch die Befruchtung bloß erst die Fähigkeit zur Entwicklung begründet ; hingegen bei den lebendig gebärenden Tieren entwickelt sich der männliche Zeugungsstoff , sobald der männliche Samen auf ihn gewirkt hat , und so findet man auch schon bei dem ersten Entstehen der Knospe die Rudimente des künftigen Blatts oder Zweiges in ihr eingeschlossen . Die Pflanzen lassen sich daher als Organismen betrachten , welche ohne Befruchtung lebendige Junge gebären , hingegen nach der Begattung Eier hervorbringen , und sie grenzen also auch von dieser Seite an die Blattläuse , mit denen sie , wie schon oben erinnert ist , noch in anderen Stücken bei ihrer Geschlechtsvermehrung übereinkommen .",133
Tier,"Er ließ mehr als viertausend Tiere beißen und benutzte dazu über dreitausend Vipern , wendete alle Gegenmittel an , welche ihm bekannt waren , nicht bloß bei einem einzigen Tiere allein , sondern gleich bei Dutzenden von ihnen und kam , streng genommen , zu dem Ergebnis , daß es kein Gegenmittel gäbe .",133
Tier,"Nach dem Koran entstanden die Rosen erst während der nächtlichen Himmelfahrt des Propheten , und zwar die weißen aus seinen Schweißtropfen , die gelben aus denen seines Tiers , die roten aus denen des Gabriel ; und man kommt in Kasanlik auf die Vermutung , daß wenigstens für den Erzengel jene Fahrt sehr angreifend gewesen sein muß .",133
Tier,"Demnach werden die Krämpfe vermindert , nach Durchschneidung aller sensiblen Nervenwurzeln und umgekehrt vermehrt , resp. jedesmal hervorgerufen , wenn man die Haut des vergifteten , aber sonst unversehrten Tieres kneift oder anderweitig erregt .",133
Tier,"Dieses System , das eben wegen des konstanten Verhältnisses , worin es zum wahren Blutumlauf steht , am füglichsten auch hier gleich abgehandelt wird , begreift bekanntlich die aus den dünnen Därmen entspringenden Milchgefässe , und die eigentlich so genannten lymphatischen im übrigen Körper ; dann die glandulas conglobatas , die wenigstens bei den meisten damit versehenen Tieren bloß aus knaulförmiger Verwickelung jener beiderlei Unterarten von Gefäßen zu bestehen scheinen ; und endlich den ductus thoracicus als den Hauptabführungskanal der durch jene Gefäße dem Blute zuzubringenden Säfte .",133
Tier,"Der Reichtum ihrer Waldungen ist so groß , daß die edlen Tiere eigentlich niemals Mangel leiden , und weil sie beständig an Örtlichkeiten leben , in welchen es Nahrung in Hülle und Fülle gibt , erscheinen sie auch weder gefräßig , noch begierig .",133
Tier,"Zu dieser ersten Abteilung der Tiere gehören die Säugetiere , Vögel , Amphibien und Fische .",133
Tier,Hingegen finden sich bei den Tieren dieser Klasse nur sehr wenige Spuren von wahren Kunsttrieben .,133
Tier,"Alles aber , was dem Verstande , der Denkkraft untergeordnet ist , erlöscht nach und nach bei dem Säufer , seine Empfindlichkeit stumpft sich ab und bald ist er nur noch - Tier .",133
Tier,"Unter den zahmen Tieren auf Kamtschatka , sagt Steller , gebührt den Hunden wegen Altertums und Nutzens das Vorrecht , und machen sie allein die ganze Klasse der kamtschadalischen zahmen Tiere aus .",133
Tier,"Beruhige dich , mein Freund , und sei zufrieden , daß wir keine Tiere mehr sind .",133
Tier,Zornig warf er die Fleischstücke der zerlegten Tiere dem Götzen zu mit den Worten : nimm !,133
Tier,Jetzt verdienen unsere Tiere den Namen Morasthühner in jeder Hinsicht : sie sind wahre Sumpfvögel geworden und scheinen sich auch auf dem flüssigsten Schlamme mit Leichtigkeit bewegen zu können .,133
Tier,"Heute ist der Arme viel elender als das Tier ; wer also das Republik nennt , der lästert .",133
Tier,"An einer der Raststellen , ein fast ausgetrocknetes Wasser floß vorüber , lagerte das Heer einen Tag und ruhte unter den Zelten ; da füllte sich plötzlich das Strombette und brausend schwollen die Wasser über ; Waffen , Tiere , Zelte , Menschen wurden mit hinweggerissen , und ehe man sich noch zu besinnen und zu helfen vermochte , war schon die Verwüstung auf ihrem Gipfel ; Alexanders Zelt und ein Teil seiner Waffen wurden ein Raub der Flut , deren Gewalt er selbst mit Mühe entrann .",133
Tier,"Unter den Tieren sind es vorzüglich die Insekten , die sich auf Pflanzen aufhalten .",133
Tier,"Nirgends fast sah ich die Schellente ; wo ich sie sah , kümmerten diese Tiere ; in unserem Garten sind dieselben nicht allein frisch und munter , wie in der Freiheit , sondern sie haben sich sogar begattet .",133
Tier,"Man nähert sich bei einer mühsamen Streiferei um die Mittagsstunde einer senkrechten Felsenwand und glaubt sich ganz allein ; ringsumher herrscht die tiefste Stille , welche in allen wärmeren Gegenden Amerikas die Mitte des Tages bezeichnet , wo die meisten Tiere in Schlaf versunken sind .",133
Tier,"Auch die Tiere bringen , wenn sie in großer Zahl immerfort denselben Weg wandeln , gewisse Straßen zu Stande , so z. B. die Ameisen , so das Hornvieh in den Wäldern , besonders in den gebirgigen ; allein die Richtung derselben richtet sich genau nach der Leichtigkeit der Wanderschaft im Anfange , so daß jedes Hindernis , das umgangen werden muß , die Richtung plötzlich abändert .",133
Tier,"Bei den Amphibien ist dieser Sinn nur angezeigt , die Naschlöcher durch keine Scheidewand verdoppelt , auch von keinem wahren Deckel nach Außen geschlossen , obschon die Frösche sie durch eigene Muskeln erweitern und verengen können , und die Krokodile wirklich eine Art Deckel haben , der aber nicht häutig , wie in den Fischen , und nur das Naschloch von Innen , damit die zu schluckende Luft nicht heraustrete , zu verschließen fähig ist , dagegen die Nasendeckel der Fische , unabhängig von der Respiration , sowohl von Außen als von Innen den Durchgang des Wassers untersuchen , aber die Löcher nicht Gang schließen können , ferner ist die Nashöle ganz von der Atmungsfunktion okkupiert , da sie hingegen bei den Fischen ganz und gar allein dem Geruch bestimmt ist , und die Naschlöcher doch beweglicher als in jedem anderen Tiere sind .",133
Tier,"Eine hier und da vorkommende Fettflosse , welche längs des Rückens verläuft , trägt zur Vermehrung der Fischähnlichkeit dieser Tiere noch bei .",133
Tier,"Bei Botanybay sowohl als an der Westenküste , wo das schöne Tier schon 1697 gefunden und beschrieben worden .",133
Tier,"Die meiste Veranlassung , daß die Drainage unwirksam wird , geben die Verstopfungen der Drainzüge durch Pflanzenwurzeln , Tiere und Schlammabsatz .",133
Tier,"Das Tier läßt sich schwer beobachten , weil es sehr furchtsam und schen ist .",133
Tier,"Bei manchen der einfachsten Tiere , aus der Klasse der Würmer , zumal bei den Eingeweidewürmern und den so genannten Zoophyten , ist überhaupt wenig oder keine Verschiedenheit von partibus similaribus ihres Körpers , und namentlich nichts zu erkennen , was als ein distinktes Nervensystem oder dazu gehörige Teile angesprochen werden könnte : sondern die Nervenmaterie , die sich übrigens durch Empfindungs- und Bewegungsvermögen bei ihnen so gut als in irgend einer anderen Ordnung oder Klasse des Tierreichs äußert , ist in ihre ganze meist homogene Maße wie verschmolzen :",133
Tier,"Die Klage wegen Verwundung durch gefährliche Tiere , wenn dabei eine Unvorsichtigkeit des Herrn zum Grunde lag , ist gleichfalls in bonum et aequum concepta , und hat daher dieselbe Beschaffenheit wie die vorhergehende Klage .",133
Tier,"Nach den bisherigen Gründen fehlen zum völligen Beweise , dass die angeführten phosphoreschen Erscheinungen Wirkungen eines wahren Phosphors sind , der im gewöhnlichen Zustand durch seine Verbindung mit anderen Materien vor dem eigentlichen Verbrennen geschützt und auf das bloße Leuchten beschränkt ist , nur noch Fälle einer wirklichen Entwicklung von Feuer im Inneren lebender Tiere , die eine Entzündung jenes Phosphors zur Ursache haben müssen .",133
Tier,"Alle diese Eigenschaften , sowie die quere Ringelung des Körpers , welche durch die einzelnen Deckplatten angedeutet ist , nähern das Tier in der Tat den Ringelwürmern sehr , und es bedürfte genauer Forschungen über die Entwickelungsgeschichte dieser Tiere , welche zur Zeit noch ganz fehlen , um zu entscheiden , welchen von beiden Kreisen sie angehören .",133
Tier,So wie es überhaupt scheint dass die Menge der Rückgratswirbel bei den rothblüthigen Tieren mit der Größe und Stärke ihrer äußeren Bewegungswerkzeuge in umgekehrten Verhältnisse Stehen ; so haben namentlich die Schlangen beim gänzlichen Mangel solcher Werkzeuge die aller zahlreichsten Wirbel ; teils über 300 .,133
Tier,"Tritt ein einzelnes Tier in einem Gemälde auf , so muß Landschaft oder menschliche Wohnung mit Geräte Stimmung und Motiv dazu geben .",133
Tier,"Der Kater stellte sich erschrocken und rief : das ist unglaublich und unerhört , dergleichen hätte ich mir nicht im Traume in die Gedanken kommen lassen ; aber noch mehr , als alles andere , wäre es , wenn du dich auch in ein so kleines Tier , wie eine Maus ist , verwandeln könntest , du kannst gewiß mehr , als irgend ein Zauberer auf der Welt , aber das wird dir doch zu hoch sein .",133
Tier,Statoplast der Cristatella mucedo mit drei jungen Tieren . Vergr .,133
Tier,"In jedem Falle versorgt man die Ausmündungen mit kleinen Drahtgittern , damit ein Verstopfen durch Hineinkriechen kleiner Tiere hintangehalten wird .",133
Tier,"Bei jungen Tieren sind die Haare gelblich und dunkelbraun geringelt , bei Alten am Grunde schwarzgrau , in der Mitte bräunlich , an der Spitze schwarz , meist noch mit bräunlich gelben Ringen vor dieser Spitze versehen .",133
Tier,"Diese Lebensmaterie sei jenes halbflüssige Wesen , welches man durch Kochen und Fäulnis aus allen belebt gewesenen Körpern erhalte . sie entstehe zwar aus den Elementen , sei aber selbst der eigentliche Elementarstoff , mit dem es die Physiologie allein zu tun habe ; sie sei dem Thier- und Pflanzenreich gemeinschaftlich , am reinsten zeige sie sich in Form von Schleim , Eiweiß und Gallert ; da Tiere und Pflanzen gleichmäßig aus dieser Lebensmaterie bestehen , so erkläre sich , warum die Pflanzen den Tieren und umgekehrt , die Tiere den Pflanzen zur Nahrung dienen .",133
Tier,"Diese Erstarrung ist so stark , daß die warmblütigen Tiere während dieses Totenschlafs nur unmerkliche Wärme übrig behalten (- s. oben S. 19. - ) , und daß die Puppen vieler Insekten , die zu gleicher Zeit ihre Verwandelung bestehen , im Winter oft so durchfroren sind , daß sie , dem Leben des darin schlafenden Tieres unbeschadet , wie Eiszapfen oder Glas klingen , wenn man sie auf die Erde fallen läßt .",133
Tier,"Das Tier rührte sich nicht , und nach etwa vier Minuten zog ich den Pfeil aus der Brust und wollte dann den aus dem Kopfe ziehen .",133
Tier,"Unsere Tiere sind stumpfe , mürrische , mißtrauische , scheue , die Einsamkeit liebende und heftige Gesellen .",133
Tier,"Das Futter wird meist nicht ordentlich gekaut , folglich auch nicht gut verdaut , und häufig wird das Tier dann überhaupt schlecht fressen .",133
Tier,"In der Oberkinnlade besitzen sie zwei Schneidezähne , welche bei der einen Gattung ( Manatus ) frühzeitig ausfallen , bei der anderen ( Halicore ) aber , wo Ober- und Unterkiefer plötzlich sich nach unten biegen , sich zu hakenförmigen Stoßzähnen entwickeln ; im Unterkiefer fehlen diese Vorderzähne stets ; immer finden sich bei den jungen Tieren wenigstens fünf Mahlzähne in jedem Kiefer , die eine elliptische Gestalt und quergefaltete Kronen besitzen , deren Leisten sich nach und nach abnutzen .",133
Tier,"Vielmehr hat man durch eine sonderbare petitio principii daraus demonstrieren wollen , dass es folglich Tiere gebe , die ihr Herz ganz nach Willkür in Bewegung setzen oder ruhen lassen könnten u. s. w. --",133
Tier,"Man erniedrigt sich schon , wenn man sie nur als Tiere betrachtet ; man wird aber wirklich bösartiger , wenn man dem Reize folgt , bekannte Menschen unter dieser Maske aufzusuchen .",133
Tier,"Auch diese Tiere , welche zeitig im Frühjahre fliegen , scheinen bei den Immen zu schmarotzen .",133
Tier,"Die deletären Stoffe , wenn sie ja an den Fingern der Untersuchenden haften , werden nie in so großer Menge eingeführt , als es bei den Experimenten geschah ; das ist wohl wahr , aber auf die Menge kommt es gewiss nicht an ; wenn auch viel eingebracht wird , so wird von dem Vieleingebrachten gewiss nur wenig resorbiert , und die Tiere pflegten , wenn selbe nach gemachter Einspritzung wieder freigelassen wurden , das eingespritzte wieder auszupressen , so dass gewiss nur einzelne Atome zurückblieben ; uns ist keine Methode bekannt , durch welche es gelingen würde , eine so geringe Menge deletärer Stoffe , welche gar nicht sichtbar , sondern nur durch den Geruchssinn erkennbar ist , so kleinen Tieren , wie Kaninchen , beizubringen .",133
Tier,"Arnold Lang , Über den Einfluss der festsitzenden Lebensweise auf die Tiere u. s. w. , Jena 1888 , p. 108 .",133
locker,"Salz . Salz werden an d Ufer d See vom Salzwasser machen ; welche man über eine fein und mit Rechen locker gemacht Sand spritzen . nachdem d Sand trocken und d Proces verschieden Mal wiederholen werden , werden dieselbe mit Seewasser Transcolirt , d Lauge einkochen , und d erhalten Salz in beschließen irden Gefäß durch Kalzination weis machen . -",
locker,"und wenn d Anwendung diese Mittel möglich sein , so können wir diese auf mehr als auf einerlei Art nützlich sein . denn werden d Unkraut mit d Wurzel ausreissen , so werden hierdurch zugleich d Acker locker machen , und d ausgereißen Unkraut können zur Fütterung gebrauchen werden . d erst Mittel . -",
locker,"d dritt Regel , und d zugleich mit d erst verbinden sein , sein , daß man d Stamm , wenn es sein können , so ausheben bemühen sein , daß sie eine gut Klumpen Erde um ihr Wurzel behalten , und daß man diese Wurzel selbst nicht beschädigen , welche bei d Buche am leicht ausüben stehen , da sie gewöhnlich keine Pfahlwurzel treiben . d viert Regel bestehen darin , daß man sie nicht weiter als höchstens 6 Fuß und zwar im Verband , auseinander setzen , nachdem vorher d Loch weit und tief genug ausgraben und mit locker Erde ausfüllen sein . d jung Wurzel und vornehmlich d fein Haarwurzel können sich sogleich einschlagen und in d erst Jahr darin desto bequem fortwachsen . -",
locker,"auch haben Afterbildung nicht selten auf d glänzend Kristall ihr Einfluß üben . so finden sich bei Arendal prächtig rotbraun Leucitoeder mit Pyramidengranatoeder , welche innen ganz hohl und mit d fremdartig Mineral locker erfüllen sein , ohne daß man außen etwas merken . d Form stehen hier über d Inhalt , welch letztere bei d Mannigfaltigkeit isomorph Substanz an Bedeutung durchaus einbüßen . -",
locker,"diese mit Nutzen fortsetzen , geben wir d Erdemoos insbesondere weit Gelegenheit , da sie fast d erst und allgemein Erdedecke ausmachen . sie überziehen viel hoch Gebirge , Felsen , Hügel und weitläufig Ebene , in d Waldung und Wiese , wie bereits sagen werden sein , wo sie bald dicht oder locker in einander verwachsen , bald nur einzeln Flecken oder auch mehr zusammenhängend Rasenstück bilden . in solch Moos sammeln sich eine Teil d aus d Erde aufsteigend und in ihr fein Teil dunstartig aufgelöst verschieden Substanz , und eine Menge von sehr verschieden Feuchtigkeit aus d Luft , noch außer d viel Tagewasser selbst . -",
locker,"d Zellegewebe sein nicht überall gleich dicht , überhaupt scheinen es in d Mensch im Ganze nehmen , ungleich fein zu sein , als bei d übrig Tier ; und in diese Zartheit scheinen ich sogar eine gewiß Vorrecht d menschlich Natur zu liegen , wodurch unsere Körper nicht nur für fein Rührung d Sinn , sondern auch zur Hervorbringung mannigfaltig Bewegung , und Vervollkommnung verschieden tierisch Verrichtung , fähig machen werden . aber auch in d menschlich Körper sein diese Zellegewebe nach Verschiedenheit d Alter , d Geschlecht , d Lebensweise , d Klima u. s. W. dicht oder locker . auch d Verschiedenheit d Teil d Körper machen eine Unterschied : es sein z. B. locker an d Augenlid , und an d Vorhaut , straff hinter d Ohr u. s. W . -",
locker,"d Nest sein sehr verschieden , bei einige groß und nicht ganz kunstlos , bei andere nur eine wirr Haufen von Zweig und Gras . d Bauart richten sich , wie erklärlich , nach d Standort d Nest : diejenige , welche in Felshöhlung anlegen werden , sein kunstlos , d , welche auf Baum stehen , fest und kunstvoll bauen ; roh und locker aber sein d eine wie d ander . d Gelege bestehen aus fünf bis sechs Ei , welche gewöhnlich auf grünlich Grund mit rötlich , bräunlich , graublau , schwarz Flecken bezeichnen sein . -",
locker,"ihr Bau sein überhaupt wie an d Membrane , nämlich aus Faden und Plättechen , die kurz verwickeln sein , und eng zusammenhängen , zusammensetzen . ihr äußer Fläche sein dicht , hingegen d inwendig , welche sich nach d fächrigen Zellegewebe unter d Haut zukehren , allmählich lose , so daß sie sich endlich in eine fortlaufend Ausartung in eben diese Zellegewebe verwandeln , und man finden nirgends auf beide Seite d richtig Grenze bestimmen . mazerieren man d Haut im Wasser , so schwellen sie allmählich auf , sie werden locker , scheiden sich in ihr Plättechen und Faser , woraus sie werden sein , sowohl im Mensch als Tier , und ich betrachten diese an d Haut d Elefant , welche ich eben vor Auge haben , und daran nur d Plättechen breit sein . sie Besizzet aber eine verschieden Dichtheit und Härte . -",
locker,"d Kopf vom Gerippe sein von eine Pferdekopf in d allgemein Gestalt nicht unterscheiden , wo er aber mit Fell und Fleisch noch überkleiden sein , gleichen er einigermaßen eine Büffelkopf , besonders was d Lippe anbetreffen . im Mund haben es statt d Zahn auf jede Seite zwei breit , länglich , glatt , locker Knochen , davon d eine oben im Gaumen , die andere inwendig am Unterkiefer anheften sein . beide sein mit viel , schräg im Winkel zusammenlaufend Furche und erhaben Schwiele versehen , mit welchen d Tier seine gewöhnlich Nahrung , d Seekraut , zermalmen . -",
locker,"namentlich spielen d Soldat in er eine durchaus beiläufig Rolle , und es sein eine d hauptsächlich Eigentümlichkeit , die er von Alexander , Hannibal und Napoleon unterscheiden , dass in er nicht d Offizier , sondern d Demagoge d Ausgangspunkt d politisch Tätigkeit sein . seine ursprünglich Plan zufolge haben er sein Ziel wie Perikles und Gaius Gracchus ohne Waffengewalt zu erreichen gedenken , und achtzehn Jahr hindurch haben er als Führer d Popularpartei ausschließlich in politisch Plan und Intrige sich bewegen , bevor er , ungern sich überzeugend von d Notwendigkeit eine militärisch Rückhalt , schon eine Vierziger an d Spitze eine Armee treten . es sein erklärlich , dass er auch späterhin immer noch mehr Staatsmann bleiben als General -- ähnlich wie Cromwell , die auch aus d Oppositionsführer zum Militärchef und Demokratenkönig sich umschaffen und d überhaupt , wie wenig auch d Puritanerheld d locker Römer zu gleichen scheinen , doch in seine Entwicklung wie in seine Zielen und Resultat vielleicht unter alle Staatsmann Caesar am nächst verwenden sein . selbst in seine Kriegführung sein diese improvisiert Feldherrenschaft noch deutlich zu erkennen .",
locker,"d Gelenkfläche , welche d einzeln Handwurzelknochen einander zukehren , sein mit Rücksicht auf ihr physiologisch Bedeutung noch zu wenig untersuchen . bemerkenswert sein nur , dass d d Knochen erst Reihe sehr locker zusammenhaften , so dass sie ihr gegen d zweit Reihe gekehrt Bogen beträchtlich abflachen vermögen , wodurch eine ganz besondere Gelenk zum Vorschein kommen . d Gelenk zwischen Os Triquetrum und Pisiforme sein eine allseitig sehr frei ; es sein bekanntlich nur zur Führung eine Muskelansatzpunkt von Bedeutung .",
locker,"sie werden fett , und es drücken daher d Maler d Kinderalter gemeiniglich durch d rundlich Hand und Fuß aus . ihr Fadengewebe sein locker , sie essen viel , und gemeiniglich vegetabilisch Speise . und dennoch erzeugen sich bei sie eine groß Ausartung d Saft .",
locker,"d Schwinge sein schwächlich und sehr stark abgerundet ; denn d sechst Schwungfeder sein d lang von alle ; d Schwanz sein lang und abgestuft , aber kräftig ; d Bein und Fuß sein sehr stark , die zehn mittellang , d Nagel stark biegen . d locker und weich Gefieder sein im allgemein graubraun , unten etwas licht , auf Hinterkopf und Nacken rotbraun , auf d Mantel olivenfarbig ; d Kehlband und d Ohrdecke sein tiefschwarz , Gesicht , Scheitel , Wange und Kehle wissen , dunkel flecken oder bändern ; d fahl Unterseite werden seitlich rot . bei eine ( wahrscheinlich jung ) Weibchen sein d Mangel d dunkel Brustband auffallen .",
locker,"t. cauda breviore , auriculis plane nullis . * d Maulwurf sein eine ziemlich unschuldig Geschöpf , die d Erdreich locker erhalten , Regenwurm vertilgen , und in Verhältnis gegen seine Nutzbarkeit d Wiese und Garten durch sein wühlen gering Schaden tun . sein Aufenthalt sein bloß unter d Erde , wozu er seine Schaufelpfote , und eine sonderbar Brustbein , was fast d Vogel ihr ähneln , zu Statten kommen .",
locker,"sein zwar so wie es in d Natur finden werden wenigstens mit Luftsäure verbinden , die doch aber sehr leicht davon austreiben , und in so fern diese Salz für eine natürlich mineralisch Alkali annehmen sein . Teil locker mit Thon-Erde vermischen , wie um Debrezin etc. in Ungarn , wo man es zur Seife brauchen , auch d Schaf geben etc. - teils aber auch derb kristallinisch wie die aus d Barbarei d sich in groß Fingerskicken Schichte finden . d alt Ägypter beizen ihr Leiche eine monatlang in diese Salz ein , ehe sie dieselbe zu Mumie bereiten : und d Kaufmann am Ufer d Belus sollen es bekanntlich zur Erfindung d Glasmachen Anlaß geben haben .",
locker,"d Fremde danken sie . er sein inzwischen absteigen , haben d Pferd d Zügel über d Kopf nehmen , d Bügel in d Steigriemen hinaufziehen , und locker gurten , mit Handgriff , die man d alt Übung und d Liebe für d Tier ansehen können . nun fragen er , ob er irgendwo einstellen können .",
locker,"ich tun d Flasche , die noch halb voll Wein sein , heraus , ich stellen d zwei Glas -- eine haben ich immer zum Vorrat -- auf d Tisch , und dann zeigen ich er , wie ich d Wein kühl . d Glas werden in eine Fach von sehr locker Stoff stellen , d Stoff mit eine sehr dünn Flüßigkeit , d Äther heißen , und die ich in eine Flaschechen immer mit führen , befeuchten , welche Flüßigkeit sehr schnell und heftig verdünsten , und dabei eine Kälte erzeugen , daß d Wein frisch werden , als wenn er eben von d Keller kommen , ja als ob er sogar in Eis stehen . da ich auf diese Weise zwei Glas Wein auffrischen , mit Wasser vermischen , und eins auf seine Platz stellen haben , laden ich er ein , mit ich zu speisen .",
locker,"früh betrachtet man d Bindegewebe als wesentlich aus Faser zusammensetzen . wenn man locker Bindegewebe an verschieden Region , z. B. d Unterhaut , d pia mater , d subserös und submucösen Zellegewebe untersuchen , so finden man lockig Faserbündel , sogenannt lockig Bindegewebe . diese lockig Beschaffenheit , die sich in gewiß Abstand wiederholen , so dass dadurch eine Art von Faszikel entstehen , glauben man um so bestimmt auf einzeln Faser zurückführen zu können , als in d Tat an d Ende eine jede Bündel isoliert Faden herausstehen .",
locker,"nah besehen haben sie sogar etwas von Porträtcharakter , aber keine italienisch , wie jemand sagen haben . d stark Braue und d groß Auge , d Stumpfnasechen , d schmollend Mund , d schwarz locker gewellt Haar , die so tief über d Schläfe ziehen sein und d Oval halbmondförmig einrahmen , geben d Kopf doch eine Modellgeschmack . aber keine Italiener oder Germane werden d für eine Madonnamodell erklären .",
locker,"sein System beruhen sonderlich auf folgend Verfahren . er richten d Acker nach d Ackerbaurätsel zu , teilen er in verschieden Breiten , die jede 45 Fuß enthalten , nehmen hiervon 3 Fuß zu eine Rabatte , worauf d Baum zu stehen kommen , und 2 Fuß zu d Weg und Furche zu beide Seite , mithin in alle 5 Fuß , d. I. d neunt Teil diese Breiten , abgehen , daß also jede Rücken 40 Fuß breit bleiben , und daneben allerhand Kohlkraut erzeugen , und dadurch d Erdreich sowohl locker , als auch im Düngen zu mehrere Wachstum d Baum erhalten werden . auf d Rabatte pflanzen er 7 Reihe , auf jede 14 Stück Standbaum , 3 Rute weit aus einander .",
Aufkommen,"Auch hat nicht jeder Gelehrte Neigung, an solchem Principienstreit sich zu betheiligen, zumal auf der Seite der älteren Annahmen, und nicht wenige frühere eifrige Mitarbeiter, namentlich fast alle die, deren Hauptstärke im Sanskrit liegt, haben sich seit dem Aufkommen der neuen Meinungen von der Sprachforschung zurückgezogen.",
Aufkommen,"Insofern diese Dichtform fähig war jeden Inhalt in sich aufzunehmen und jedes Mass gestattete, gleich dem Textgedichte, das vor dem Aufkommen des Schauspiels den Flötenstücken zu Grunde gelegt und durch Ennius auch in die Litteratur eingeführt worden war, ward der Name des letzteren, der Satura, auch auf die lucilische Dichtung angewandt; allein die Aehnlichkeit zwischen der älteren und der lucilischen Satura beruhte doch mehr in negativen als in positiven Momenten und in Wahrheit mag die letztere mit ihrem kaustischen, capriciösen, durchaus individuellen Charakter neben der älteren Satura gestanden haben etwa wie Byrons Beppo und Don Juan neben dem wirklichen komischen Epos.",
Aufkommen,"Speziell für die deutsche Geschichtsschreibung traf es sich weiter noch misslich, dass nicht nur ein gutmütiger Eifer, wie ihn Berger bezgl. der Römerstrassen konstatiert, sondern auch eine vom Geschäftsinteresse angespornte Tendenz die Phantasie erhitzte: mit dem Aufkommen des Taxis’schen Postregals nämlich hatten deren Sachwalter zuerst das Bestreben, das Regal nach den Grundsätzen des neu rezipierten römischen Rechtes zu begründen und zu erweitern, und dann in den späteren Jahrhunderten ein Interesse daran, das Kaiserliche Privileg in eine möglichst ferne Zeit zurückzudatieren.",
Aufkommen,"Es ist richtig, dass mit dem Aufkommen der Manufaktur im Unterschied zum Handwerk sich Spuren der Kinderexploitation zeigen.",
Aufkommen,"Gegen dieses landesherrliche Monopol ist die Forderung der klagenden Gewerke der Hessen-Zeche bei Weilmünster vom Jahre 1536 gerichtet, der Landesherr wolle die das Aufkommen des Bergwerks schädigenden Rennwerke bis auf weiteres ausser Betrieb setzen.",
Aufkommen,"Bei den Römern standen die verschiedenen Handwerke in einer genauen Verbindung mit dem religiösen Cultus und die Gesellenweihe war wesentlich eine Reinigungsweihe verbunden mit Opfern und Opfermalen; durch das Aufkommen des Christenthums im römischen Reiche wurde der religiöse Charakter an sich nicht geändert, sondern blos im christlichen Sinne umgestaltet.",
Aufkommen,Früher war sie auch in England vorherrschend; mit dem Aufkommen des Handels und der Gewerbe trat aber Zerschlagung in mittlere Wirthschaften und Verpachtung an ihre Stelle.“,
Aufkommen,"Die Unterschiede zwischen Stadt und Land verwischen sich: in der Nähe der aufblühenden Industrie-Städte durch die Hinausschiebung der Gewerbeanlagen und Arbeiterwohnungen in die Vor-und Außenorte, in der Nähe der sinkenden „Ackerstädte“ durch Annäherung der letzteren an die umliegenden Landorte und durch das Aufkommen volkreicher Industriedörfer.",
Aufkommen,"Wird doch erst mit dem Aufkommen des marktwirtschaftlichen Grossbetriebs der ursprüngliche Hof-(bezw. Korporations-)dienst in eine gemeinwirtschaftliche Anstalt umgewandelt, und für das » gemeine Wesen « eingerichtet.",
Aufkommen,"Das wichtigste Moment in diesem ganzen Processe ist zweifellos das Aufkommen der Umrisslinie, mittels welcher man das Bild eines Naturwesens auf eine gegebene Fläche bannte.",
Aufkommen,"Die angelsächsischen Zwölf-oder Zehnschaften hatten gewiss auch nach der Besitznahme des Landes noch längere Zeit die alte militärische Bedeutung, mussten zum Schwerte greifen, wenn es dem Kampfe galt, und standen als Krieger wie als Hofbesitzer gegenseitig vollkommen gleich; alles dieses änderte sich jedoch, die alten Frithborgen zerfielen, als die Militär-und Grundbesitzverhältnisse sich änderten und umgestalteten; jedoch die eingreifendste Veränderung erfolgte mit dem Aufkommen der Städte, indem hier die hofrechtlichen, die landwirthschaftlichen Verhältnisse, – der Gutsbesitz in den Hintergrund treten mussten.",
Aufkommen,"Dieses gewaltsame Mittel, Seelen zu erobern, war zwar nach spanischem Gesetz verboten, wurde aber von den bürgerlichen Behörden geduldet und von den Oberen der Gesellschaft, als der Religion und dem Aufkommen der Missionen förderlich, höchlich gepriesen.",
Aufkommen,"Von den übrig bleibenden Pflanzenbüscheln zieht man alle Pflanzen bis auf die stärkste aus und legt sie zwischen die Reihen, um dem Unkraute das Aufkommen zu erschweren.",
Aufkommen,"Was den wissenschaftlichen Gehalt der in den Ephemeriden enthaltenen und der besonders herausgegebenen Arbeiten betrifft, so ist allerdings davon nichts zu bemerken, daß sich der Einfluß der neueren Richtung, wie eine solche theils durch Einführung des Mikroskops und anderer Beobachtungsmittel, theils durch das Aufkommen einer gesunden Skepsis vorbereitet wurde, schnell geltend gemacht hätte.",
Aufkommen,"Und doch heißt es noch 1830 in der Kabinetsordre vom 21. August 1830, die Majorität des posenschen Landtags sei mit den Staats-und Provinzialbehörden darin einverstanden gewesen, daß die große Zahl der Jahrmärkte in dortiger Provinz auf die Sittlichkeit der Einwohner ebenso nachtheilig wirke als auf das Aufkommen des dortigen Verkehrs, und es sollen daher in keiner Stadt jährlich mehr als vier Märkte gehalten werden.",
Aufkommen,"wer das Aufkommen der sog. weltlichen Stoffe beklagt, der muß auch den Sieg des ächt malerischen Styls als Ausdruck des Verfalls beurtheilen, wer dagegen dort naturgemäße Entwicklung sieht, der findet auch hier nichts Anderes, als eine Erhebung der Malerei zu der Form, die ihrem eigentsten Wesen entspricht.",
Aufkommen,"Gleichzeitig beginnt die Produktionsteilung; ihre ganze Kraft entfaltet die letztere aber erst nach dem Aufkommen der Arbeitszerlegung und der Arbeitsverschiebung, welche beide sich kaum über das XVII. Jahrhundert zurückverfolgen lassen.",
Aufkommen,"Da es bei allen Untersuchungen höchst wichtig ist, falsche Ansichten, welche sich festgesetzt haben und das Aufkommen der Wahrheit verhindern, wegzuschaffen, so müssen wir mit unserm ausscheidenden Bemühen noch fortfahren: und zwar dies um so mehr, als jede gründliche Negation auf eine Position hinweist; denn diese Position ist eben der Grund des Negirens und der wahre Kern und die Kraft der Negation.",
Aufkommen,"Dort ist nämlich gesagt, das Eindringen der zweiten Stoffwelt führe die Schwierigkeit mit sich, daß gewisse Zweige, die es hervorbringt, neben solchen Zweigen, deren Aufkommen sie eigentlich verdrängen müßte, fortbestehen, wie das mythische Gemälde neben dem historischen, das denselben reinen Geschichtsgehalt wie jenes, aber frei von der transcendenten Form zur Darstellung bringt.",
Aufkommen,"Die Nachahmung egyptischer Spiralmuster ist zwar durch die Decke von Orchomenos über jeden Zweifel hinaus erwiesen; genügt dies aber, um das Aufkommen des Motivs selbst in der mykenischen Kunst auf Anlernung aus egyptischen Vorbildern zurückzuführen?",
Aufkommen,"Arnold, das Aufkommen des Handwerkerstandes im MittelaIter, Basel 1861, S. 10.",
Aufkommen,"In diese Idylle kam mit der Wende dieses Jahrhunderts eine grössere Intensivität des Betriebs und der Nachfrage, im ersteren zunächst durch den Chausseebau, in letzterem durch das Aufkommen der Börse und Presse.",
Aufkommen,"Das Aufkommen der Lese-Dramen hat den Sinn für das, was Handlung ist, was lebt, wirkt, fortschreitet und packt, fast ertödtet.",
Aufkommen,Der eigentliche Ablagerungsprozeß desselben begann erst gegen das Ende der Republik mit dem Aufkommen der die Volksgerichte vertretenden ständigen Commissionen (quaestiones perpetuae).,
Aufkommen,"Man kann nicht sagen, daß er es sogleich mit Gerechtigkeit oder gar mit Pietät beurtheilt habe; in den Künsten setzt sich ein starkes Vorurtheil gegen seine Hervorbringungen fest, und die Humanisten datiren von ihrem eigenen Aufkommen an eine neue Zeit:",
Aufkommen,"Bis 1965 soll die Milchmenge, die jährlich aus dem Aufkommen unserer Landwirtschaft verarbeitet wird, auf 7 250 000 Tonnen steigen (siehe Grafik).",
Aufkommen,Das Aufkommen tierischer Erzeugnisse stieg gegenüber dem gleichen Vorjahreszeitraum um 6.2 Prozent.,
Aufkommen,Das staatliche Aufkommen an Schiachtvieh betrug von 1971 bis 1974 7 622 000 Tonnen.,
Aufkommen,"Wichtigstes Vorhaben der Dreetzer Kooperationspartner ist es, die Tierbestände aus eigenem Aufkommen mit Futter zu versorgen.",
Aufkommen,"„Unsere wichtigste Bündnispflicht gegenüber der Arbeiterklasse ist es, unseren Beitrag zur Versorgung der Bevölkerung mit Nahrungsgütern aus eigenem Aufkommen weiter zu vergrößern, erklärte der Leiter der gemeinsamen Abteilung Pflanzenproduktion, Manfred Paper.",
Aufkommen,"Durch die Neulandgewinnung und den Aufbau staatlicher Milchvieh-und Geflügelfarmen soll erreicht werden, daß Libyen, das heute noch auf Lebensmittelimporte angewiesen ist, bis 1980 seine etwa 2,4 Millionen Einwohner aus eigenem Aufkommen mit den wichtigsten Grundnahrungsmitteln selbst versorgen kann.",
Aufkommen,"Die Regierung hat festgelegt, 1973 bis 1975 jährlich den Bezirken gleichbleibende Planaufgaben für das staatliche Aufkommen an Getreide, Kartoffeln und Zuckerrüben vorzugeben.",
Aufkommen,"Die rückständige n Verhältnisse auf dem Lande verh nderten auch die Entfaltung der ufkraft und des Marktes, was sich negativ auf eine Industrialisierung m nationalen Interesse auswirkte. relativ bescheidene heimische erarbeitunes-Wirtschaft, an deren Sp tze die Baum-Wollindustrie steht, ve mochte nicht einmal ihren Rohstoffb darf voll aus dem heimischen Aufkommen zu decken.",
Aufkommen,Die Zweckbindung des Aufkommens aus der Mineralölsteuer für den Straßenbau wird zum Teil aufgehoben.,
Aufkommen,"In unserer Konzeption zum Ausbau der eigenen Rohstoffbasis und zur wirtschaftlichen Verwertung « Her verfugbaren Ressourcen nehmen die erweiterte Erfassung und der verstärkte Einsatz von Sekundärrohstoffen den gleichen Rang ein wie unsere Anstrengungen, das Aufkommen an Primärrohstoffen zu erhöhen.",
Aufkommen,"Die SDP will, soweit dies aus ihren Erklärungen deutlich wird, eine parlamentarische Demokratie, vergleichbar der von Weimar und der der Bundesrepublik Deutschland, die, obwohl beide durchaus auch Unterschiede aufweisen, das Aufkommen und das Wachsen des Faschismus bzw. des Neofaschismus als politische Kraft nicht verhindern.",
Aufkommen,"Dazu beschloß der Stadtausschuß der Nationalen Front, das Aufkommen an Schrott aus Haushal -",
Aufkommen,Mit einem Anteil am staatlichen Aufkommen von über 10 Prozent bei Gemüse und reichlich 30 Prozent bei Obst ist der Beitrag der Kleinerzeuger zur Versorgung der Bevölkerung beträchtlich.,
Aufkommen,An die Verarbeitung der tierischen Produkte sind mit wachsendem Aufkommen und steigendem Verbrauch vor allem bei Fleisch und Fettkäse hohe Anforderungen gestellt.,
Aufkommen,"Es hat das Ziel, Aufkommen und Verwendung von Edelmetallen, Edelsteinen und Perlen fest in die volkswirtschaftliche Planung ednzubeziehen, den Schutz des Volkseigentums an diesen Werten in Übereinstimmung mit dem Valuta-bzw. Außenwirtschaftsmonopol zu gewährleisten sowie die Rechte der Bürger und ihren Schutz vor Übervorteilungen zu sichern.",
Aufkommen,"Sie wissen, daß wir für das Vieh mehr Futter aus eigenem Aufkommen brauchen.",
Aufkommen,"Ziel ist es, das Land aus eigenem Aufkommen bis 1980 mit wichtigen Grundnahrungsmitteln selbst zu versorgen.",
Aufkommen,"Außerdem haben viele der 427 Berliner Gruppen beschlossen, das Aufkommen an Alttextilien und anderen Sekundärrohstoffen zu erhöhen.",
Aufkommen,"güterwirtschaft die Erträge und Leistungen schnell zu steigern, damit die wachsenden Bedürfnisse der Bevölkerung an Nahrungsmitteln quantitativ und qualitativ aus eigenem Aufkommen immer besser befriedigt werden.",
Aufkommen,"Ein Buch über das Aufkommen einer Kunst in einer Gegend, in der man dieä nicht ohne weiteres vermuten konnte.",
Aufkommen,"Das ist der Weg, damit 1986 gegenüber den Zielstellungen von 1985 eine weitere Ertragssteigerung um 1,0 Dezitonnen Getreideeinheiten je Hektar landwirtschaftlicher Nutzfläche erreicht und bei Schlachtvieh das Aufkommen um 1,2 Prozent erhöht wird.",
Aufkommen,"1975 wurde mit 95976 die bisher höchste Zahl an Neubauwohnungen übergeben. # Das staatliche Aufkommen tierischer Erzeugnisse wuchs um 4,8 Prozent.",
Aufkommen,Allein im Zeitraum 1965 bis 1976 expandierte das Getreideangebot aus nationalem Aufkommen nur halb so schnell wie die Bevölkerung.,
Aufkommen,"Zur Zeit hängt beispielsweise die Ernährung der Bevölkerung in den Südprovinzen noch weitestgehend vom Norden de.s Landes ab, obwohl alle Möglichkeiten vorhanden sind, die Region nicht nur aus eigenem Aufkommen zu versorgen, sondern darüber hinaus noch für den Export zu produzieren.",
Aufkommen,"Denn die ursprüngliche Verkehrsplanung für Hellersdorf ging von wachsendem Aufkommen Richtung City aus, berücksichtigte dabei völlig unzureichend die Verbindung nach Köpenick, wo viele Industriebetriebe angesiedelt sind.",